{"v":"4.6.6","fr":25,"ip":0,"op":50,"w":405,"h":442,"nm":"预合成 2","ddd":0,"assets":[{"id":"image_0","w":189,"h":206,"u":"images/","p":"img_0.png"},{"id":"image_1","w":171,"h":102,"u":"images/","p":"img_1.png"},{"id":"image_2","w":390,"h":368,"u":"images/","p":"img_2.png"},{"id":"image_3","w":750,"h":1334,"u":"images/","p":"img_3.png"}],"layers":[{"ddd":0,"ind":1,"ty":4,"nm":"“翅膀”轮廓","ks":{"o":{"a":0,"k":100},"r":{"a":0,"k":0},"p":{"a":1,"k":[{"i":{"x":0.833,"y":0.833},"o":{"x":0.167,"y":0.167},"n":"0p833_0p833_0p167_0p167","t":19,"s":[206,227.011,0],"e":[205.5,182.261,0],"to":[-0.08333333581686,-3.95833325386047,0],"ti":[0.08333333581686,7.45833349227905,0]},{"t":32}]},"a":{"a":0,"k":[155.175,64.318,0]},"s":{"a":1,"k":[{"i":{"x":[0.156,0.156,0.667],"y":[1,1,0.667]},"o":{"x":[0.333,0.333,0.333],"y":[0,0,0.333]},"n":["0p156_1_0p333_0","0p156_1_0p333_0","0p667_0p667_0p333_0p333"],"t":19,"s":[143,143,100],"e":[106,106,100]},{"t":32}]}},"ao":0,"shapes":[{"ty":"gr","it":[{"ind":0,"ty":"sh","ix":1,"ks":{"a":0,"k":{"i":[[1.66,-0.785],[0,0],[0.476,-2.373],[0,0],[-0.441,-0.346],[-0.682,0],[-0.655,0.307],[0,0],[-0.751,2.268],[0,0],[0.392,0.347]],"o":[[0,0],[-2.189,1.031],[0,0],[-0.355,1.778],[0.266,0.207],[0.454,0],[0,0],[2.163,-1.016],[0,0],[0.577,-1.747],[-0.395,-0.348]],"v":[[22.882,-24.443],[-17.45,-5.453],[-22.204,0.617],[-26.454,21.802],[-25.682,24.771],[-24.274,25.228],[-22.615,24.811],[13.218,7.993],[18.414,2.137],[26.232,-21.475],[25.846,-24.414]],"c":true}},"nm":"路径 1","mn":"ADBE Vector Shape - Group"},{"ty":"gr","it":[{"ty":"tr","p":{"a":0,"k":[0,0],"ix":2},"a":{"a":0,"k":[0,0],"ix":1},"s":{"a":0,"k":[100,100],"ix":3},"r":{"a":0,"k":0,"ix":6},"o":{"a":0,"k":100,"ix":7},"sk":{"a":0,"k":0,"ix":4},"sa":{"a":0,"k":0,"ix":5},"nm":"变换"}],"nm":"组 1","np":2,"cix":2,"ix":2,"mn":"ADBE Vector Group"},{"ty":"mm","mm":4,"nm":"合并路径 1","mn":"ADBE Vector Filter - Merge"},{"ty":"fl","c":{"a":0,"k":[1,0.839,0.482,1]},"o":{"a":0,"k":100},"r":1,"nm":"填充 1","mn":"ADBE Vector Graphic - Fill"},{"ty":"tr","p":{"a":1,"k":[{"i":{"x":0,"y":1},"o":{"x":0.333,"y":0},"n":"0_1_0p333_0","t":19,"s":[197.636,51.696],"e":[269.947,65.693],"to":[12.0519208908081,2.33284497261047],"ti":[-12.0519208908081,-2.33284497261047]},{"t":32}],"ix":2},"a":{"a":0,"k":[0,0],"ix":1},"s":{"a":1,"k":[{"i":{"x":[0.667,0.667],"y":[1,1]},"o":{"x":[0.333,0.333],"y":[0,0]},"n":["0p667_1_0p333_0","0p667_1_0p333_0"],"t":19,"s":[220,220],"e":[100,100]},{"t":32}],"ix":3},"r":{"a":1,"k":[{"i":{"x":[0],"y":[1]},"o":{"x":[0.333],"y":[0]},"n":["0_1_0p333_0"],"t":19,"s":[-12],"e":[0]},{"t":32}],"ix":6},"o":{"a":0,"k":100,"ix":7},"sk":{"a":0,"k":0,"ix":4},"sa":{"a":0,"k":0,"ix":5},"nm":"变换"}],"nm":"组 1","np":4,"cix":2,"ix":1,"mn":"ADBE Vector Group"},{"ty":"gr","it":[{"ind":0,"ty":"sh","ix":1,"ks":{"a":0,"k":{"i":[[1.663,-0.786],[0,0],[0.476,-2.374],[0,0],[-0.441,-0.348],[-0.689,0],[-0.651,0.303],[0,0],[-0.751,2.269],[0,0],[0.391,0.347]],"o":[[0,0],[-2.189,1.031],[0,0],[-0.357,1.777],[0.265,0.208],[0.451,0],[0,0],[2.167,-1.008],[0,0],[0.579,-1.747],[-0.394,-0.349]],"v":[[19.994,-23.098],[-14.561,-6.808],[-19.314,-0.736],[-23.563,20.45],[-22.791,23.422],[-21.372,23.884],[-19.723,23.473],[10.248,9.54],[15.453,3.697],[23.341,-20.132],[22.957,-23.07]],"c":true}},"nm":"路径 1","mn":"ADBE Vector Shape - Group"},{"ty":"gr","it":[{"ty":"tr","p":{"a":0,"k":[0,0],"ix":2},"a":{"a":0,"k":[0,0],"ix":1},"s":{"a":0,"k":[100,100],"ix":3},"r":{"a":0,"k":0,"ix":6},"o":{"a":0,"k":100,"ix":7},"sk":{"a":0,"k":0,"ix":4},"sa":{"a":0,"k":0,"ix":5},"nm":"变换"}],"nm":"组 1","np":2,"cix":2,"ix":2,"mn":"ADBE Vector Group"},{"ty":"mm","mm":4,"nm":"合并路径 1","mn":"ADBE Vector Filter - Merge"},{"ty":"fl","c":{"a":0,"k":[1,0.839,0.482,1]},"o":{"a":0,"k":100},"r":1,"nm":"填充 1","mn":"ADBE Vector Graphic - Fill"},{"ty":"tr","p":{"a":1,"k":[{"i":{"x":0,"y":1},"o":{"x":0.333,"y":0},"n":"0_1_0p333_0","t":19,"s":[199.211,50.651],"e":[259.544,104.501],"to":[10.0555009841919,8.97493457794189],"ti":[-10.0555009841919,-8.97493457794189]},{"t":32}],"ix":2},"a":{"a":0,"k":[0,0],"ix":1},"s":{"a":1,"k":[{"i":{"x":[0.667,0.667],"y":[1,1]},"o":{"x":[0.333,0.333],"y":[0,0]},"n":["0p667_1_0p333_0","0p667_1_0p333_0"],"t":19,"s":[220,220],"e":[100,100]},{"t":32}],"ix":3},"r":{"a":1,"k":[{"i":{"x":[0],"y":[1]},"o":{"x":[0.333],"y":[0]},"n":["0_1_0p333_0"],"t":19,"s":[-12],"e":[0]},{"t":32}],"ix":6},"o":{"a":0,"k":100,"ix":7},"sk":{"a":0,"k":0,"ix":4},"sa":{"a":0,"k":0,"ix":5},"nm":"变换"}],"nm":"组 2","np":4,"cix":2,"ix":2,"mn":"ADBE Vector Group"},{"ty":"gr","it":[{"ind":0,"ty":"sh","ix":1,"ks":{"a":1,"k":[{"i":{"x":0.667,"y":1},"o":{"x":0.333,"y":0},"n":"0p667_1_0p333_0","t":19,"s":[{"i":[[0.392,0.347],[1.667,-0.786],[0,0],[0.474,-2.372],[0,0],[-0.441,-0.345],[-0.682,0],[-0.656,0.308],[0,0],[0,0],[-0.753,2.267],[0,0]],"o":[[-0.393,-0.347],[0,0],[-2.19,1.032],[0,0],[-0.357,1.777],[0.265,0.209],[0.453,0],[0,0],[0,0],[2.161,-1.016],[0,0],[0.58,-1.748]],"v":[[28.764,-25.795],[25.801,-25.823],[-20.366,-4.074],[-25.118,1.997],[-26.733,10.483],[-21.619,22.5],[-19.846,23.251],[-17.938,22.671],[13.453,7.886],[16.092,6.647],[21.291,0.792],[29.145,-22.856]],"c":true}],"e":[{"i":[[0.392,0.347],[1.667,-0.786],[0,0],[0.474,-2.372],[0,0],[-0.441,-0.345],[-0.682,0],[-0.656,0.308],[0,0],[0,0],[-0.753,2.267],[0,0]],"o":[[-0.393,-0.347],[0,0],[-2.19,1.032],[0,0],[-0.357,1.777],[0.265,0.209],[0.453,0],[0,0],[0,0],[2.161,-1.016],[0,0],[0.58,-1.748]],"v":[[28.764,-25.795],[25.801,-25.823],[-20.366,-4.074],[-25.118,1.997],[-29.368,23.183],[-28.598,26.15],[-27.191,26.609],[-25.53,26.19],[15.612,6.873],[16.092,6.647],[21.291,0.792],[29.145,-22.856]],"c":true}]},{"t":20}]},"nm":"路径 1","mn":"ADBE Vector Shape - Group"},{"ty":"gr","it":[{"ty":"tr","p":{"a":0,"k":[0,0],"ix":2},"a":{"a":0,"k":[0,0],"ix":1},"s":{"a":0,"k":[100,100],"ix":3},"r":{"a":0,"k":0,"ix":6},"o":{"a":0,"k":100,"ix":7},"sk":{"a":0,"k":0,"ix":4},"sa":{"a":0,"k":0,"ix":5},"nm":"变换"}],"nm":"组 1","np":2,"cix":2,"ix":2,"mn":"ADBE Vector Group"},{"ty":"mm","mm":4,"nm":"合并路径 1","mn":"ADBE Vector Filter - Merge"},{"ty":"fl","c":{"a":0,"k":[1,0.839,0.482,1]},"o":{"a":0,"k":100},"r":1,"nm":"填充 1","mn":"ADBE Vector Graphic - Fill"},{"ty":"tr","p":{"a":1,"k":[{"i":{"x":0.138,"y":1},"o":{"x":0.275,"y":0},"n":"0p138_1_0p275_0","t":19,"s":[190.239,57.529],"e":[280.375,26.859],"to":[15.0227861404419,-5.11165380477905],"ti":[-15.0227861404419,5.11165380477905]},{"t":32}],"ix":2},"a":{"a":0,"k":[0,0],"ix":1},"s":{"a":1,"k":[{"i":{"x":[0.431,0.431],"y":[1,1]},"o":{"x":[0.225,0.225],"y":[0,0]},"n":["0p431_1_0p225_0","0p431_1_0p225_0"],"t":19,"s":[239,239],"e":[100,100]},{"t":32}],"ix":3},"r":{"a":1,"k":[{"i":{"x":[0.667],"y":[1]},"o":{"x":[0],"y":[0]},"n":["0p667_1_0_0"],"t":19,"s":[-12],"e":[0]},{"t":32}],"ix":6},"o":{"a":0,"k":100,"ix":7},"sk":{"a":0,"k":0,"ix":4},"sa":{"a":0,"k":0,"ix":5},"nm":"变换"}],"nm":"组 3","np":4,"cix":2,"ix":3,"mn":"ADBE Vector Group"},{"ty":"gr","it":[{"ind":0,"ty":"sh","ix":1,"ks":{"a":0,"k":{"i":[[-0.454,0],[-0.265,0.208],[0.357,1.777],[0,0],[2.191,1.031],[0,0],[0.393,-0.349],[-0.579,-1.748],[0,0],[-2.161,-1.016],[0,0]],"o":[[0.682,0],[0.441,-0.346],[0,0],[-0.474,-2.373],[0,0],[-1.662,-0.785],[-0.392,0.348],[0,0],[0.751,2.268],[0,0],[0.656,0.308]],"v":[[24.275,25.228],[25.682,24.77],[26.453,21.802],[22.203,0.617],[17.45,-5.453],[-22.883,-24.443],[-25.847,-24.414],[-26.231,-21.475],[-18.414,2.137],[-13.218,7.993],[22.615,24.81]],"c":true}},"nm":"路径 1","mn":"ADBE Vector Shape - Group"},{"ty":"gr","it":[{"ty":"tr","p":{"a":0,"k":[0,0],"ix":2},"a":{"a":0,"k":[0,0],"ix":1},"s":{"a":0,"k":[100,100],"ix":3},"r":{"a":0,"k":0,"ix":6},"o":{"a":0,"k":100,"ix":7},"sk":{"a":0,"k":0,"ix":4},"sa":{"a":0,"k":0,"ix":5},"nm":"变换"}],"nm":"组 1","np":2,"cix":2,"ix":2,"mn":"ADBE Vector Group"},{"ty":"mm","mm":4,"nm":"合并路径 1","mn":"ADBE Vector Filter - Merge"},{"ty":"fl","c":{"a":0,"k":[1,0.839,0.482,1]},"o":{"a":0,"k":100},"r":1,"nm":"填充 1","mn":"ADBE Vector Graphic - Fill"},{"ty":"tr","p":{"a":1,"k":[{"i":{"x":0,"y":1},"o":{"x":0.333,"y":0},"n":"0_1_0p333_0","t":19,"s":[110.542,51.772],"e":[40.403,65.694],"to":[-11.6897783279419,2.3203125],"ti":[11.6897783279419,-2.3203125]},{"t":32}],"ix":2},"a":{"a":0,"k":[0,0],"ix":1},"s":{"a":1,"k":[{"i":{"x":[0.667,0.667],"y":[1,1]},"o":{"x":[0.333,0.333],"y":[0,0]},"n":["0p667_1_0p333_0","0p667_1_0p333_0"],"t":19,"s":[220,220],"e":[100,100]},{"t":32}],"ix":3},"r":{"a":1,"k":[{"i":{"x":[0],"y":[1]},"o":{"x":[0.333],"y":[0]},"n":["0_1_0p333_0"],"t":19,"s":[12],"e":[0]},{"t":32}],"ix":6},"o":{"a":0,"k":100,"ix":7},"sk":{"a":0,"k":0,"ix":4},"sa":{"a":0,"k":0,"ix":5},"nm":"变换"}],"nm":"组 4","np":4,"cix":2,"ix":4,"mn":"ADBE Vector Group"},{"ty":"gr","it":[{"ind":0,"ty":"sh","ix":1,"ks":{"a":0,"k":{"i":[[0,0],[2.189,1.032],[0,0],[0.392,-0.346],[-0.577,-1.748],[0,0],[-2.168,-1.009],[0,0],[-0.453,0],[-0.266,0.21],[0.357,1.775]],"o":[[-0.476,-2.373],[0,0],[-1.662,-0.783],[-0.392,0.347],[0,0],[0.752,2.269],[0,0],[0.651,0.303],[0.687,0],[0.441,-0.347],[0,0]],"v":[[19.314,-0.738],[14.56,-6.81],[-19.995,-23.1],[-22.957,-23.072],[-23.342,-20.134],[-15.453,3.695],[-10.247,9.539],[19.721,23.471],[21.372,23.883],[22.792,23.419],[23.562,20.449]],"c":true}},"nm":"路径 1","mn":"ADBE Vector Shape - Group"},{"ty":"gr","it":[{"ty":"tr","p":{"a":0,"k":[0,0],"ix":2},"a":{"a":0,"k":[0,0],"ix":1},"s":{"a":0,"k":[100,100],"ix":3},"r":{"a":0,"k":0,"ix":6},"o":{"a":0,"k":100,"ix":7},"sk":{"a":0,"k":0,"ix":4},"sa":{"a":0,"k":0,"ix":5},"nm":"变换"}],"nm":"组 1","np":2,"cix":2,"ix":2,"mn":"ADBE Vector Group"},{"ty":"mm","mm":4,"nm":"合并路径 1","mn":"ADBE Vector Filter - Merge"},{"ty":"fl","c":{"a":0,"k":[1,0.839,0.482,1]},"o":{"a":0,"k":100},"r":1,"nm":"填充 1","mn":"ADBE Vector Graphic - Fill"},{"ty":"tr","p":{"a":1,"k":[{"i":{"x":0,"y":1},"o":{"x":0.333,"y":0},"n":"0_1_0p333_0","t":19,"s":[109.728,51.298],"e":[50.807,104.503],"to":[-9.82014942169189,8.86735057830811],"ti":[9.82014942169189,-8.86735057830811]},{"t":32}],"ix":2},"a":{"a":0,"k":[0,0],"ix":1},"s":{"a":1,"k":[{"i":{"x":[0.667,0.667],"y":[1,1]},"o":{"x":[0.333,0.333],"y":[0,0]},"n":["0p667_1_0p333_0","0p667_1_0p333_0"],"t":19,"s":[220,220],"e":[100,100]},{"t":32}],"ix":3},"r":{"a":1,"k":[{"i":{"x":[0],"y":[1]},"o":{"x":[0.333],"y":[0]},"n":["0_1_0p333_0"],"t":19,"s":[12],"e":[0]},{"t":32}],"ix":6},"o":{"a":0,"k":100,"ix":7},"sk":{"a":0,"k":0,"ix":4},"sa":{"a":0,"k":0,"ix":5},"nm":"变换"}],"nm":"组 5","np":4,"cix":2,"ix":5,"mn":"ADBE Vector Group"},{"ty":"gr","it":[{"ind":0,"ty":"sh","ix":1,"ks":{"a":1,"k":[{"i":{"x":0.667,"y":1},"o":{"x":0.333,"y":0},"n":"0p667_1_0p333_0","t":19,"s":[{"i":[[-0.453,0],[-0.265,0.208],[0.357,1.777],[0,0],[2.19,1.031],[0,0],[0.395,-0.347],[-0.579,-1.749],[0,0],[-2.162,-1.016],[0,0]],"o":[[0.682,0],[0.441,-0.346],[0,0],[-0.476,-2.373],[0,0],[-1.666,-0.785],[-0.392,0.347],[0,0],[0.753,2.267],[0,0],[0.656,0.308]],"v":[[21.322,23.15],[25.484,18.043],[27.099,12.329],[25.118,1.996],[20.366,-4.074],[-25.801,-25.823],[-28.763,-25.796],[-29.146,-22.856],[-21.292,0.792],[-16.094,6.647],[19.442,23.206]],"c":true}],"e":[{"i":[[-0.453,0],[-0.265,0.208],[0.357,1.777],[0,0],[2.19,1.031],[0,0],[0.395,-0.347],[-0.579,-1.749],[0,0],[-2.162,-1.016],[0,0]],"o":[[0.682,0],[0.441,-0.346],[0,0],[-0.476,-2.373],[0,0],[-1.666,-0.785],[-0.392,0.347],[0,0],[0.753,2.267],[0,0],[0.656,0.308]],"v":[[27.191,26.608],[28.598,26.151],[29.368,23.182],[25.118,1.996],[20.366,-4.074],[-25.801,-25.823],[-28.763,-25.796],[-29.146,-22.856],[-21.292,0.792],[-16.094,6.647],[25.531,26.19]],"c":true}]},{"t":20}]},"nm":"路径 1","mn":"ADBE Vector Shape - Group"},{"ty":"gr","it":[{"ty":"tr","p":{"a":0,"k":[0,0],"ix":2},"a":{"a":0,"k":[0,0],"ix":1},"s":{"a":0,"k":[100,100],"ix":3},"r":{"a":0,"k":0,"ix":6},"o":{"a":0,"k":100,"ix":7},"sk":{"a":0,"k":0,"ix":4},"sa":{"a":0,"k":0,"ix":5},"nm":"变换"}],"nm":"组 1","np":2,"cix":2,"ix":2,"mn":"ADBE Vector Group"},{"ty":"mm","mm":4,"nm":"合并路径 1","mn":"ADBE Vector Filter - Merge"},{"ty":"fl","c":{"a":0,"k":[1,0.839,0.482,1]},"o":{"a":0,"k":100},"r":1,"nm":"填充 1","mn":"ADBE Vector Graphic - Fill"},{"ty":"tr","p":{"a":1,"k":[{"i":{"x":0,"y":1},"o":{"x":0.333,"y":0},"n":"0_1_0p333_0","t":19,"s":[117.2,57.022],"e":[29.975,26.859],"to":[-14.5374345779419,-5.02701807022095],"ti":[14.5374345779419,5.02701807022095]},{"t":32}],"ix":2},"a":{"a":0,"k":[0,0],"ix":1},"s":{"a":1,"k":[{"i":{"x":[0.667,0.667],"y":[1,1]},"o":{"x":[0.333,0.333],"y":[0,0]},"n":["0p667_1_0p333_0","0p667_1_0p333_0"],"t":19,"s":[239,239],"e":[100,100]},{"t":32}],"ix":3},"r":{"a":1,"k":[{"i":{"x":[0],"y":[1]},"o":{"x":[0.333],"y":[0]},"n":["0_1_0p333_0"],"t":19,"s":[12],"e":[0]},{"t":32}],"ix":6},"o":{"a":0,"k":100,"ix":7},"sk":{"a":0,"k":0,"ix":4},"sa":{"a":0,"k":0,"ix":5},"nm":"变换"}],"nm":"组 6","np":4,"cix":2,"ix":6,"mn":"ADBE Vector Group"}],"ip":19,"op":32,"st":19,"bm":0,"sr":1},{"ddd":0,"ind":2,"ty":2,"nm":"logo","refId":"image_0","ks":{"o":{"a":0,"k":100},"r":{"a":0,"k":0},"p":{"a":1,"k":[{"i":{"x":0,"y":1},"o":{"x":0.333,"y":0},"n":"0_1_0p333_0","t":19,"s":[204.491,212.236,0],"e":[205.491,209.986,0],"to":[0.16660694777966,-0.3749948143959,0],"ti":[-0.16660694777966,0.3749948143959,0]},{"t":32}]},"a":{"a":0,"k":[94.489,102.982,0]},"s":{"a":1,"k":[{"i":{"x":[0,0,0.667],"y":[1,1,0.667]},"o":{"x":[0.333,0.333,0.333],"y":[0,0,0.333]},"n":["0_1_0p333_0","0_1_0p333_0","0p667_0p667_0p333_0p333"],"t":19,"s":[0,0,100],"e":[106,106,100]},{"t":32}]}},"ao":0,"ip":19,"op":32,"st":19,"bm":0,"sr":1},{"ddd":0,"ind":3,"ty":2,"nm":"皇冠质感","refId":"image_1","ks":{"o":{"a":0,"k":100},"r":{"a":0,"k":0},"p":{"a":1,"k":[{"i":{"x":0,"y":1},"o":{"x":0.333,"y":0},"n":"0_1_0p333_0","t":22,"s":[204.5,164,0],"e":[205.75,62.774,0],"to":[0.20833079516888,-16.8710174560547,0],"ti":[-0.20833079516888,16.8710174560547,0]},{"t":32}]},"a":{"a":0,"k":[85.046,50.771,0]},"s":{"a":1,"k":[{"i":{"x":[0,0,0.667],"y":[1,1,0.667]},"o":{"x":[0.333,0.333,0.333],"y":[0,0,0.333]},"n":["0_1_0p333_0","0_1_0p333_0","0p667_0p667_0p333_0p333"],"t":22,"s":[0,0,100],"e":[106,106,100]},{"t":32}]}},"ao":0,"ip":22,"op":32,"st":22,"bm":0,"sr":1},{"ddd":0,"ind":4,"ty":4,"nm":"“皇冠”轮廓","ks":{"o":{"a":0,"k":100},"r":{"a":0,"k":0},"p":{"a":1,"k":[{"i":{"x":0,"y":1},"o":{"x":0.333,"y":0},"n":"0_1_0p333_0","t":22,"s":[204.5,164,0],"e":[205.75,62.774,0],"to":[0.20833079516888,-16.8710174560547,0],"ti":[-0.20833079516888,16.8710174560547,0]},{"t":32}]},"a":{"a":0,"k":[85.485,51.056,0]},"s":{"a":1,"k":[{"i":{"x":[0,0,0.667],"y":[1,1,0.667]},"o":{"x":[0.333,0.333,0.333],"y":[0,0,0.333]},"n":["0_1_0p333_0","0_1_0p333_0","0p667_0p667_0p333_0p333"],"t":22,"s":[0,0,100],"e":[106,106,100]},{"t":32}]}},"ao":0,"shapes":[{"ty":"gr","it":[{"ind":0,"ty":"sh","ix":1,"ks":{"a":0,"k":{"i":[[0,0],[-1.129,-0.594],[-0.71,0],[-0.542,0.201],[0,0],[-2.013,-0.745],[0,0],[-1.132,0.591],[-0.33,1.287],[0,0],[0.76,0.679],[1.314,-0.498],[0,0],[-0.462,-2.407],[1.029,-2.336],[11.88,4.233],[2.311,5.357],[-1.461,3.319],[-1.503,1.345],[1.306,2.043],[0,0],[1.116,0],[0.742,-1.159],[0,0],[-1.819,-1.628],[-0.758,-1.725],[1.57,-3.639],[6.769,-2.41],[3.76,8.547],[-0.496,2.601],[2.239,0.849],[0,0],[0.761,-0.676],[-0.346,-1.362]],"o":[[0.326,1.289],[0.638,0.335],[0.546,0],[0,0],[2.01,-0.745],[0,0],[1.245,0.459],[1.13,-0.593],[0,0],[0.348,-1.361],[-0.759,-0.68],[0,0],[-2.239,0.851],[0.497,2.603],[-3.756,8.547],[-6.77,-2.411],[-1.569,-3.639],[0.758,-1.725],[1.82,-1.629],[0,0],[-0.741,-1.159],[-1.116,0],[0,0],[-1.306,2.041],[1.505,1.346],[1.46,3.32],[-2.31,5.358],[-11.87,4.232],[-1.027,-2.335],[0.459,-2.41],[0,0],[-1.314,-0.498],[-0.762,0.678],[0,0]],"v":[[-71.327,47.314],[-69.071,50.233],[-67.026,50.738],[-65.385,50.437],[-3.694,27.6],[3.726,27.598],[65.292,50.347],[68.978,50.142],[71.242,47.226],[84.887,-6.164],[84.248,-9.327],[81.034,-9.606],[65.954,-3.88],[62.887,1.742],[62.087,9.185],[33.73,17.012],[19.23,4.605],[19.065,-6.03],[22.473,-10.656],[23.359,-16.993],[2.882,-49.008],[0.003,-50.806],[-2.877,-49.008],[-23.355,-16.99],[-22.47,-10.658],[-19.059,-6.03],[-19.226,4.606],[-33.726,17.012],[-62.082,9.185],[-62.881,1.746],[-65.954,-3.88],[-81.029,-9.606],[-84.244,-9.327],[-84.889,-6.164]],"c":true}},"nm":"路径 1","mn":"ADBE Vector Shape - Group"},{"ty":"gr","it":[{"ty":"tr","p":{"a":0,"k":[0,0],"ix":2},"a":{"a":0,"k":[0,0],"ix":1},"s":{"a":0,"k":[100,100],"ix":3},"r":{"a":0,"k":0,"ix":6},"o":{"a":0,"k":100,"ix":7},"sk":{"a":0,"k":0,"ix":4},"sa":{"a":0,"k":0,"ix":5},"nm":"变换"}],"nm":"组 1","np":2,"cix":2,"ix":2,"mn":"ADBE Vector Group"},{"ty":"mm","mm":4,"nm":"合并路径 1","mn":"ADBE Vector Filter - Merge"},{"ty":"fl","c":{"a":0,"k":[1,0.839,0.482,1]},"o":{"a":0,"k":100},"r":1,"nm":"填充 1","mn":"ADBE Vector Graphic - Fill"},{"ty":"tr","p":{"a":0,"k":[85.485,51.056],"ix":2},"a":{"a":0,"k":[0,0],"ix":1},"s":{"a":0,"k":[100,100],"ix":3},"r":{"a":0,"k":0,"ix":6},"o":{"a":0,"k":100,"ix":7},"sk":{"a":0,"k":0,"ix":4},"sa":{"a":0,"k":0,"ix":5},"nm":"变换"}],"nm":"组 1","np":4,"cix":2,"ix":1,"mn":"ADBE Vector Group"}],"ip":22,"op":32,"st":22,"bm":0,"sr":1},{"ddd":0,"ind":5,"ty":4,"nm":"形状图层 2","ks":{"o":{"a":1,"k":[{"i":{"x":[0.833],"y":[0.833]},"o":{"x":[0.167],"y":[0.167]},"n":["0p833_0p833_0p167_0p167"],"t":0,"s":[0],"e":[100]},{"i":{"x":[0.833],"y":[0.833]},"o":{"x":[0.167],"y":[0.167]},"n":["0p833_0p833_0p167_0p167"],"t":9,"s":[100],"e":[0]},{"t":12}]},"r":{"a":0,"k":0},"p":{"a":0,"k":[202.5,278,0]},"a":{"a":0,"k":[0,0,0]},"s":{"a":0,"k":[100,100,100]}},"ao":0,"shapes":[{"ty":"gr","it":[{"d":1,"ty":"el","s":{"a":1,"k":[{"i":{"x":[0.667,0.667],"y":[1,1]},"o":{"x":[0.333,0.333],"y":[0,0]},"n":["0p667_1_0p333_0","0p667_1_0p333_0"],"t":0,"s":[0,0],"e":[23,23]},{"t":12}]},"p":{"a":0,"k":[0,0]},"nm":"椭圆路径 1","mn":"ADBE Vector Shape - Ellipse"},{"ty":"fl","c":{"a":0,"k":[0.9921569,0.8313726,0.4784314,1]},"o":{"a":0,"k":100},"r":1,"nm":"填充 1","mn":"ADBE Vector Graphic - Fill"},{"ty":"tr","p":{"a":0,"k":[-0.145,-76.645],"ix":2},"a":{"a":0,"k":[0,0],"ix":1},"s":{"a":0,"k":[100,100],"ix":3},"r":{"a":0,"k":0,"ix":6},"o":{"a":0,"k":100,"ix":7},"sk":{"a":0,"k":0,"ix":4},"sa":{"a":0,"k":0,"ix":5},"nm":"变换"}],"nm":"椭圆 1","np":3,"cix":2,"ix":1,"mn":"ADBE Vector Group"}],"ip":0,"op":12,"st":0,"bm":0,"sr":1},{"ddd":0,"ind":6,"ty":4,"nm":"形状图层 3","ks":{"o":{"a":1,"k":[{"i":{"x":[0.833],"y":[0.833]},"o":{"x":[0.167],"y":[0.167]},"n":["0p833_0p833_0p167_0p167"],"t":6,"s":[60],"e":[0]},{"t":16}]},"r":{"a":0,"k":0},"p":{"a":0,"k":[202.5,278,0]},"a":{"a":0,"k":[0,0,0]},"s":{"a":0,"k":[100,100,100]}},"ao":0,"shapes":[{"ty":"gr","it":[{"d":1,"ty":"el","s":{"a":1,"k":[{"i":{"x":[0,0],"y":[1,1]},"o":{"x":[0.333,0.333],"y":[0,0]},"n":["0_1_0p333_0","0_1_0p333_0"],"t":6,"s":[0,0],"e":[36,36]},{"t":16}]},"p":{"a":0,"k":[0,0]},"nm":"椭圆路径 1","mn":"ADBE Vector Shape - Ellipse"},{"ty":"fl","c":{"a":0,"k":[0.9921569,0.8313726,0.4784314,1]},"o":{"a":0,"k":100},"r":1,"nm":"填充 1","mn":"ADBE Vector Graphic - Fill"},{"ty":"tr","p":{"a":0,"k":[-0.145,-76.645],"ix":2},"a":{"a":0,"k":[0,0],"ix":1},"s":{"a":0,"k":[100,100],"ix":3},"r":{"a":0,"k":0,"ix":6},"o":{"a":0,"k":100,"ix":7},"sk":{"a":0,"k":0,"ix":4},"sa":{"a":0,"k":0,"ix":5},"nm":"变换"}],"nm":"椭圆 1","np":3,"cix":2,"ix":1,"mn":"ADBE Vector Group"}],"ip":6,"op":16,"st":6,"bm":0,"sr":1},{"ddd":0,"ind":7,"ty":4,"nm":"形状图层 1","ks":{"o":{"a":1,"k":[{"i":{"x":[0.833],"y":[0.833]},"o":{"x":[0.167],"y":[0.167]},"n":["0p833_0p833_0p167_0p167"],"t":9,"s":[60],"e":[0]},{"t":19}]},"r":{"a":0,"k":0},"p":{"a":0,"k":[202.5,278,0]},"a":{"a":0,"k":[0,0,0]},"s":{"a":0,"k":[100,100,100]}},"ao":0,"shapes":[{"ty":"gr","it":[{"d":1,"ty":"el","s":{"a":1,"k":[{"i":{"x":[0,0],"y":[1,1]},"o":{"x":[0.333,0.333],"y":[0,0]},"n":["0_1_0p333_0","0_1_0p333_0"],"t":9,"s":[0,0],"e":[47,47]},{"t":19}]},"p":{"a":0,"k":[0,0]},"nm":"椭圆路径 1","mn":"ADBE Vector Shape - Ellipse"},{"ty":"fl","c":{"a":0,"k":[0.9921569,0.8313726,0.4784314,1]},"o":{"a":0,"k":100},"r":1,"nm":"填充 1","mn":"ADBE Vector Graphic - Fill"},{"ty":"tr","p":{"a":0,"k":[-0.145,-76.645],"ix":2},"a":{"a":0,"k":[0,0],"ix":1},"s":{"a":0,"k":[100,100],"ix":3},"r":{"a":0,"k":0,"ix":6},"o":{"a":0,"k":100,"ix":7},"sk":{"a":0,"k":0,"ix":4},"sa":{"a":0,"k":0,"ix":5},"nm":"变换"}],"nm":"椭圆 1","np":3,"cix":2,"ix":1,"mn":"ADBE Vector Group"}],"ip":9,"op":19,"st":9,"bm":0,"sr":1},{"ddd":0,"ind":8,"ty":2,"nm":"04.ai","cl":"ai","refId":"image_2","ks":{"o":{"a":0,"k":100},"r":{"a":0,"k":0},"p":{"a":0,"k":[208.45,162.26,0]},"a":{"a":0,"k":[195,184,0]},"s":{"a":0,"k":[91,91,100]}},"ao":0,"ip":32,"op":50,"st":-348,"bm":0,"sr":1},{"ddd":0,"ind":9,"ty":2,"nm":"字体.ai","cl":"ai","refId":"image_3","ks":{"o":{"a":1,"k":[{"i":{"x":[0.833],"y":[0.833]},"o":{"x":[0.167],"y":[0.167]},"n":["0p833_0p833_0p167_0p167"],"t":23,"s":[0],"e":[100]},{"t":32}]},"r":{"a":0,"k":0},"p":{"a":0,"k":[204,386.5,0]},"a":{"a":0,"k":[375,667,0]},"s":{"a":0,"k":[81.8,81.8,100]}},"ao":0,"ip":23,"op":50,"st":0,"bm":0,"sr":1},{"ddd":0,"ind":10,"ty":4,"nm":"“实色/01”轮廓","ks":{"o":{"a":1,"k":[{"i":{"x":[0.833],"y":[0.833]},"o":{"x":[0.167],"y":[0.167]},"n":["0p833_0p833_0p167_0p167"],"t":13,"s":[0],"e":[100]},{"t":20}]},"r":{"a":0,"k":0},"p":{"a":0,"k":[202.588,208.167,0]},"a":{"a":0,"k":[813.616,115.674,0]},"s":{"a":0,"k":[85.586,85.586,100]}},"ao":0,"shapes":[{"ty":"gr","it":[{"ind":0,"ty":"sh","ix":1,"ks":{"a":0,"k":{"i":[[-5.217,-3.883],[0,0],[-0.023,-0.017],[0,0],[-2.834,2.107],[0,0],[0,0],[0,0],[0.78,-6.456],[0,0],[5.238,-3.855],[0.026,-0.02],[0,0],[2.823,2.074],[0,0],[0.782,6.456],[0,0]],"o":[[0,0],[0.023,0.017],[0,0],[2.833,2.107],[0,0],[0,0],[0,0],[5.217,-3.883],[0,0],[-0.78,6.456],[0,0],[0,0],[-2.819,2.081],[0,0],[-5.237,-3.855],[0,0],[-0.781,-6.456]],"v":[[-101.707,-79.508],[-47.184,-38.922],[-47.114,-38.878],[-4.773,-7.385],[4.774,-7.385],[46.955,-38.758],[46.986,-38.775],[101.707,-79.508],[109.773,-74.829],[100.731,-0.083],[89.789,18.664],[78.935,26.664],[4.899,81.306],[-4.588,81.316],[-89.789,18.664],[-100.732,-0.083],[-109.772,-74.829]],"c":true}},"nm":"路径 1","mn":"ADBE Vector Shape - Group"},{"ty":"fl","c":{"a":0,"k":[0.992,0.831,0.478,1]},"o":{"a":0,"k":100},"r":1,"nm":"填充 1","mn":"ADBE Vector Graphic - Fill"},{"ty":"tr","p":{"a":0,"k":[814.097,115.941],"ix":2},"a":{"a":0,"k":[0,0],"ix":1},"s":{"a":0,"k":[141,141],"ix":3},"r":{"a":0,"k":0,"ix":6},"o":{"a":0,"k":100,"ix":7},"sk":{"a":0,"k":0,"ix":4},"sa":{"a":0,"k":0,"ix":5},"nm":"变换"}],"nm":"组 4","np":2,"cix":2,"ix":1,"mn":"ADBE Vector Group"}],"ip":13,"op":20,"st":-38,"bm":0,"sr":1},{"ddd":0,"ind":11,"ty":4,"nm":"“线/01”轮廓","ks":{"o":{"a":1,"k":[{"i":{"x":[0.833],"y":[0.833]},"o":{"x":[0.167],"y":[0.167]},"n":["0p833_0p833_0p167_0p167"],"t":4,"s":[0],"e":[100]},{"t":12}]},"r":{"a":0,"k":-90},"p":{"a":0,"k":[203.446,209.804,0]},"a":{"a":0,"k":[1164.811,110.5,0]},"s":{"a":0,"k":[120,120,100]}},"ao":0,"shapes":[{"ty":"gr","it":[{"ind":0,"ty":"sh","ix":1,"ks":{"a":0,"k":{"i":[[5.134,0],[0,0],[3.855,-5.237],[0,0],[-2.081,-2.819],[0,0],[-6.456,-0.78],[-0.515,0],[3.529,4.741],[0,0],[-2.107,2.833],[0,0]],"o":[[-0.515,0],[-6.456,0.782],[0,0],[-2.075,2.823],[0,0],[3.855,5.238],[0,0],[5.134,0],[0,0],[-2.107,-2.834],[0,0],[3.529,-4.741]],"v":[[76.664,-109.878],[0.26,-100.732],[-18.486,-89.789],[-81.138,-4.588],[-81.13,4.899],[-18.486,89.789],[0.26,100.731],[76.662,109.878],[79.685,101.708],[7.562,4.774],[7.562,-4.773],[79.685,-101.707]],"c":true}},"nm":"路径 1","mn":"ADBE Vector Shape - Group"},{"ty":"st","c":{"a":0,"k":[0.9921569,0.8313726,0.4784314,1]},"o":{"a":0,"k":100},"w":{"a":0,"k":2},"lc":2,"lj":1,"ml":4,"nm":"描边 1","mn":"ADBE Vector Graphic - Stroke"},{"ty":"tm","s":{"a":1,"k":[{"i":{"x":[0.375],"y":[1]},"o":{"x":[0.333],"y":[0]},"n":["0p375_1_0p333_0"],"t":4,"s":[0],"e":[100]},{"t":20}],"ix":1},"e":{"a":0,"k":0,"ix":2},"o":{"a":0,"k":-71,"ix":3},"m":1,"ix":3,"nm":"修剪路径 1","mn":"ADBE Vector Filter - Trim"},{"ty":"tr","p":{"a":0,"k":[1166.01,110.128],"ix":2},"a":{"a":0,"k":[0,0],"ix":1},"s":{"a":0,"k":[100,100],"ix":3},"r":{"a":0,"k":0,"ix":6},"o":{"a":0,"k":100,"ix":7},"sk":{"a":0,"k":0,"ix":4},"sa":{"a":0,"k":0,"ix":5},"nm":"变换"}],"nm":"组 3","np":3,"cix":2,"ix":1,"mn":"ADBE Vector Group"},{"ty":"tm","s":{"a":0,"k":100,"ix":1},"e":{"a":0,"k":0,"ix":2},"o":{"a":0,"k":0,"ix":3},"m":1,"ix":2,"nm":"修剪路径 1","mn":"ADBE Vector Filter - Trim"}],"ip":4,"op":20,"st":-2,"bm":0,"sr":1}]}