{"v":"4.5.8","fr":25,"ip":0,"op":50,"w":405,"h":442,"ddd":0,"assets":[{"id":"image_0","w":390,"h":368,"u":"images/","p":"img_0.png"},{"id":"image_1","w":189,"h":206,"u":"images/","p":"img_1.png"},{"id":"image_2","w":171,"h":102,"u":"images/","p":"img_2.png"},{"id":"comp_0","layers":[{"ddd":0,"ind":0,"ty":4,"nm":"“翅膀”轮廓","ks":{"o":{"a":0,"k":100},"r":{"a":0,"k":0},"p":{"a":1,"k":[{"i":{"x":0.833,"y":0.833},"o":{"x":0.167,"y":0.167},"n":"0p833_0p833_0p167_0p167","t":0,"s":[362,686.011,0],"e":[361.5,662.261,0],"to":[-0.08333333581686,-3.95833325386047,0],"ti":[0.08333333581686,3.95833325386047,0]},{"t":13}]},"a":{"a":0,"k":[155.175,64.318,0]},"s":{"a":1,"k":[{"i":{"x":[0.156,0.156,0.667],"y":[1,1,0.667]},"o":{"x":[0.333,0.333,0.333],"y":[0,0,0.333]},"n":["0p156_1_0p333_0","0p156_1_0p333_0","0p667_0p667_0p333_0p333"],"t":0,"s":[143,143,100],"e":[80,80,100]},{"t":13}]}},"ao":0,"shapes":[{"ty":"gr","it":[{"ind":0,"ty":"sh","ks":{"a":0,"k":{"i":[[1.66,-0.785],[0,0],[0.476,-2.373],[0,0],[-0.441,-0.346],[-0.682,0],[-0.655,0.307],[0,0],[-0.751,2.268],[0,0],[0.392,0.347]],"o":[[0,0],[-2.189,1.031],[0,0],[-0.355,1.778],[0.266,0.207],[0.454,0],[0,0],[2.163,-1.016],[0,0],[0.577,-1.747],[-0.395,-0.348]],"v":[[22.882,-24.443],[-17.45,-5.453],[-22.204,0.617],[-26.454,21.802],[-25.682,24.771],[-24.274,25.228],[-22.615,24.811],[13.218,7.993],[18.414,2.137],[26.232,-21.475],[25.846,-24.414]],"c":true}},"nm":"路径 1","mn":"ADBE Vector Shape - Group"},{"ty":"gr","it":[{"ind":0,"ty":"sh","ks":{"a":0,"k":{"i":[[0,0],[0,0],[0,0],[0,0]],"o":[[0,0],[0,0],[0,0],[0,0]],"v":[[-549.167,481.113],[1050.833,481.113],[1050.833,-518.887],[-549.167,-518.887]],"c":true}},"nm":"路径 1","mn":"ADBE Vector Shape - Group"},{"ind":1,"ty":"sh","ks":{"a":0,"k":{"i":[[0,0],[0,0],[0,0],[0,0]],"o":[[0,0],[0,0],[0,0],[0,0]],"v":[[-549.167,-518.887],[1050.833,-518.887],[1050.833,481.113],[-549.167,481.113]],"c":true}},"nm":"路径 2","mn":"ADBE Vector Shape - Group"},{"ty":"tr","p":{"a":0,"k":[0,0],"ix":2},"a":{"a":0,"k":[0,0],"ix":1},"s":{"a":0,"k":[100,100],"ix":3},"r":{"a":0,"k":0,"ix":6},"o":{"a":0,"k":100,"ix":7},"sk":{"a":0,"k":0,"ix":4},"sa":{"a":0,"k":0,"ix":5},"nm":"变换"}],"nm":"组 1","np":2,"mn":"ADBE Vector Group"},{"ty":"mm","mm":4,"nm":"合并路径 1","mn":"ADBE Vector Filter - Merge"},{"ty":"fl","c":{"a":0,"k":[1,0.839,0.482,1]},"o":{"a":0,"k":100},"r":1,"nm":"填充 1","mn":"ADBE Vector Graphic - Fill"},{"ty":"tr","p":{"a":1,"k":[{"i":{"x":0,"y":1},"o":{"x":0.333,"y":0},"n":"0_1_0p333_0","t":0,"s":[197.636,51.696],"e":[269.947,65.693],"to":[12.0519208908081,2.33284497261047],"ti":[-12.0519208908081,-2.33284497261047]},{"t":13}],"ix":2},"a":{"a":0,"k":[0,0],"ix":1},"s":{"a":1,"k":[{"i":{"x":[0.667,0.667],"y":[1,1]},"o":{"x":[0.333,0.333],"y":[0,0]},"n":["0p667_1_0p333_0","0p667_1_0p333_0"],"t":0,"s":[220,220],"e":[100,100]},{"t":13}],"ix":3},"r":{"a":1,"k":[{"i":{"x":[0],"y":[1]},"o":{"x":[0.333],"y":[0]},"n":["0_1_0p333_0"],"t":0,"s":[-12],"e":[0]},{"t":13}],"ix":6},"o":{"a":0,"k":100,"ix":7},"sk":{"a":0,"k":0,"ix":4},"sa":{"a":0,"k":0,"ix":5},"nm":"变换"}],"nm":"组 1","np":4,"mn":"ADBE Vector Group"},{"ty":"gr","it":[{"ind":0,"ty":"sh","ks":{"a":0,"k":{"i":[[1.663,-0.786],[0,0],[0.476,-2.374],[0,0],[-0.441,-0.348],[-0.689,0],[-0.651,0.303],[0,0],[-0.751,2.269],[0,0],[0.391,0.347]],"o":[[0,0],[-2.189,1.031],[0,0],[-0.357,1.777],[0.265,0.208],[0.451,0],[0,0],[2.167,-1.008],[0,0],[0.579,-1.747],[-0.394,-0.349]],"v":[[19.994,-23.098],[-14.561,-6.808],[-19.314,-0.736],[-23.563,20.45],[-22.791,23.422],[-21.372,23.884],[-19.723,23.473],[10.248,9.54],[15.453,3.697],[23.341,-20.132],[22.957,-23.07]],"c":true}},"nm":"路径 1","mn":"ADBE Vector Shape - Group"},{"ty":"gr","it":[{"ind":0,"ty":"sh","ks":{"a":0,"k":{"i":[[0,0],[0,0],[0,0],[0,0]],"o":[[0,0],[0,0],[0,0],[0,0]],"v":[[-538.764,442.306],[1061.236,442.306],[1061.236,-557.694],[-538.764,-557.694]],"c":true}},"nm":"路径 1","mn":"ADBE Vector Shape - Group"},{"ind":1,"ty":"sh","ks":{"a":0,"k":{"i":[[0,0],[0,0],[0,0],[0,0]],"o":[[0,0],[0,0],[0,0],[0,0]],"v":[[-538.764,-557.694],[1061.236,-557.694],[1061.236,442.306],[-538.764,442.306]],"c":true}},"nm":"路径 2","mn":"ADBE Vector Shape - Group"},{"ty":"tr","p":{"a":0,"k":[0,0],"ix":2},"a":{"a":0,"k":[0,0],"ix":1},"s":{"a":0,"k":[100,100],"ix":3},"r":{"a":0,"k":0,"ix":6},"o":{"a":0,"k":100,"ix":7},"sk":{"a":0,"k":0,"ix":4},"sa":{"a":0,"k":0,"ix":5},"nm":"变换"}],"nm":"组 1","np":2,"mn":"ADBE Vector Group"},{"ty":"mm","mm":4,"nm":"合并路径 1","mn":"ADBE Vector Filter - Merge"},{"ty":"fl","c":{"a":0,"k":[1,0.839,0.482,1]},"o":{"a":0,"k":100},"r":1,"nm":"填充 1","mn":"ADBE Vector Graphic - Fill"},{"ty":"tr","p":{"a":1,"k":[{"i":{"x":0,"y":1},"o":{"x":0.333,"y":0},"n":"0_1_0p333_0","t":0,"s":[199.211,50.651],"e":[259.544,104.501],"to":[10.0555009841919,8.97493457794189],"ti":[-10.0555009841919,-8.97493457794189]},{"t":13}],"ix":2},"a":{"a":0,"k":[0,0],"ix":1},"s":{"a":1,"k":[{"i":{"x":[0.667,0.667],"y":[1,1]},"o":{"x":[0.333,0.333],"y":[0,0]},"n":["0p667_1_0p333_0","0p667_1_0p333_0"],"t":0,"s":[220,220],"e":[100,100]},{"t":13}],"ix":3},"r":{"a":1,"k":[{"i":{"x":[0],"y":[1]},"o":{"x":[0.333],"y":[0]},"n":["0_1_0p333_0"],"t":0,"s":[-12],"e":[0]},{"t":13}],"ix":6},"o":{"a":0,"k":100,"ix":7},"sk":{"a":0,"k":0,"ix":4},"sa":{"a":0,"k":0,"ix":5},"nm":"变换"}],"nm":"组 2","np":4,"mn":"ADBE Vector Group"},{"ty":"gr","it":[{"ind":0,"ty":"sh","ks":{"a":1,"k":[{"i":{"x":0.667,"y":1},"o":{"x":0.333,"y":0},"n":"0p667_1_0p333_0","t":0,"s":[{"i":[[0.392,0.347],[1.667,-0.786],[0,0],[0.474,-2.372],[0,0],[-0.441,-0.345],[-0.682,0],[-0.656,0.308],[0,0],[0,0],[-0.753,2.267],[0,0]],"o":[[-0.393,-0.347],[0,0],[-2.19,1.032],[0,0],[-0.357,1.777],[0.265,0.209],[0.453,0],[0,0],[0,0],[2.161,-1.016],[0,0],[0.58,-1.748]],"v":[[28.764,-25.795],[25.801,-25.823],[-20.366,-4.074],[-25.118,1.997],[-26.733,10.483],[-21.619,22.5],[-19.846,23.251],[-17.938,22.671],[13.453,7.886],[16.092,6.647],[21.291,0.792],[29.145,-22.856]],"c":true}],"e":[{"i":[[0.392,0.347],[1.667,-0.786],[0,0],[0.474,-2.372],[0,0],[-0.441,-0.345],[-0.682,0],[-0.656,0.308],[0,0],[0,0],[-0.753,2.267],[0,0]],"o":[[-0.393,-0.347],[0,0],[-2.19,1.032],[0,0],[-0.357,1.777],[0.265,0.209],[0.453,0],[0,0],[0,0],[2.161,-1.016],[0,0],[0.58,-1.748]],"v":[[28.764,-25.795],[25.801,-25.823],[-20.366,-4.074],[-25.118,1.997],[-29.368,23.183],[-28.598,26.15],[-27.191,26.609],[-25.53,26.19],[15.612,6.873],[16.092,6.647],[21.291,0.792],[29.145,-22.856]],"c":true}]},{"t":1}]},"nm":"路径 1","mn":"ADBE Vector Shape - Group"},{"ty":"gr","it":[{"ind":0,"ty":"sh","ks":{"a":0,"k":{"i":[[0,0],[0,0],[0,0],[0,0]],"o":[[0,0],[0,0],[0,0],[0,0]],"v":[[-559.595,519.947],[1040.405,519.947],[1040.405,-480.053],[-559.595,-480.053]],"c":true}},"nm":"路径 1","mn":"ADBE Vector Shape - Group"},{"ind":1,"ty":"sh","ks":{"a":0,"k":{"i":[[0,0],[0,0],[0,0],[0,0]],"o":[[0,0],[0,0],[0,0],[0,0]],"v":[[-559.595,-480.053],[1040.405,-480.053],[1040.405,519.947],[-559.595,519.947]],"c":true}},"nm":"路径 2","mn":"ADBE Vector Shape - Group"},{"ty":"tr","p":{"a":0,"k":[0,0],"ix":2},"a":{"a":0,"k":[0,0],"ix":1},"s":{"a":0,"k":[100,100],"ix":3},"r":{"a":0,"k":0,"ix":6},"o":{"a":0,"k":100,"ix":7},"sk":{"a":0,"k":0,"ix":4},"sa":{"a":0,"k":0,"ix":5},"nm":"变换"}],"nm":"组 1","np":2,"mn":"ADBE Vector Group"},{"ty":"mm","mm":4,"nm":"合并路径 1","mn":"ADBE Vector Filter - Merge"},{"ty":"fl","c":{"a":0,"k":[1,0.839,0.482,1]},"o":{"a":0,"k":100},"r":1,"nm":"填充 1","mn":"ADBE Vector Graphic - Fill"},{"ty":"tr","p":{"a":1,"k":[{"i":{"x":0.138,"y":1},"o":{"x":0.275,"y":0},"n":"0p138_1_0p275_0","t":0,"s":[190.239,57.529],"e":[280.375,26.859],"to":[15.0227861404419,-5.11165380477905],"ti":[-15.0227861404419,5.11165380477905]},{"t":13}],"ix":2},"a":{"a":0,"k":[0,0],"ix":1},"s":{"a":1,"k":[{"i":{"x":[0.431,0.431],"y":[1,1]},"o":{"x":[0.225,0.225],"y":[0,0]},"n":["0p431_1_0p225_0","0p431_1_0p225_0"],"t":0,"s":[239,239],"e":[100,100]},{"t":13}],"ix":3},"r":{"a":1,"k":[{"i":{"x":[0.667],"y":[1]},"o":{"x":[0],"y":[0]},"n":["0p667_1_0_0"],"t":0,"s":[-12],"e":[0]},{"t":13}],"ix":6},"o":{"a":0,"k":100,"ix":7},"sk":{"a":0,"k":0,"ix":4},"sa":{"a":0,"k":0,"ix":5},"nm":"变换"}],"nm":"组 3","np":4,"mn":"ADBE Vector Group"},{"ty":"gr","it":[{"ind":0,"ty":"sh","ks":{"a":0,"k":{"i":[[-0.454,0],[-0.265,0.208],[0.357,1.777],[0,0],[2.191,1.031],[0,0],[0.393,-0.349],[-0.579,-1.748],[0,0],[-2.161,-1.016],[0,0]],"o":[[0.682,0],[0.441,-0.346],[0,0],[-0.474,-2.373],[0,0],[-1.662,-0.785],[-0.392,0.348],[0,0],[0.751,2.268],[0,0],[0.656,0.308]],"v":[[24.275,25.228],[25.682,24.77],[26.453,21.802],[22.203,0.617],[17.45,-5.453],[-22.883,-24.443],[-25.847,-24.414],[-26.231,-21.475],[-18.414,2.137],[-13.218,7.993],[22.615,24.81]],"c":true}},"nm":"路径 1","mn":"ADBE Vector Shape - Group"},{"ty":"gr","it":[{"ind":0,"ty":"sh","ks":{"a":0,"k":{"i":[[0,0],[0,0],[0,0],[0,0]],"o":[[0,0],[0,0],[0,0],[0,0]],"v":[[-319.623,481.113],[1280.377,481.113],[1280.377,-518.887],[-319.623,-518.887]],"c":true}},"nm":"路径 1","mn":"ADBE Vector Shape - Group"},{"ind":1,"ty":"sh","ks":{"a":0,"k":{"i":[[0,0],[0,0],[0,0],[0,0]],"o":[[0,0],[0,0],[0,0],[0,0]],"v":[[-319.623,-518.887],[1280.377,-518.887],[1280.377,481.113],[-319.623,481.113]],"c":true}},"nm":"路径 2","mn":"ADBE Vector Shape - Group"},{"ty":"tr","p":{"a":0,"k":[0,0],"ix":2},"a":{"a":0,"k":[0,0],"ix":1},"s":{"a":0,"k":[100,100],"ix":3},"r":{"a":0,"k":0,"ix":6},"o":{"a":0,"k":100,"ix":7},"sk":{"a":0,"k":0,"ix":4},"sa":{"a":0,"k":0,"ix":5},"nm":"变换"}],"nm":"组 1","np":2,"mn":"ADBE Vector Group"},{"ty":"mm","mm":4,"nm":"合并路径 1","mn":"ADBE Vector Filter - Merge"},{"ty":"fl","c":{"a":0,"k":[1,0.839,0.482,1]},"o":{"a":0,"k":100},"r":1,"nm":"填充 1","mn":"ADBE Vector Graphic - Fill"},{"ty":"tr","p":{"a":1,"k":[{"i":{"x":0,"y":1},"o":{"x":0.333,"y":0},"n":"0_1_0p333_0","t":0,"s":[110.542,51.772],"e":[40.403,65.694],"to":[-11.6897783279419,2.3203125],"ti":[11.6897783279419,-2.3203125]},{"t":13}],"ix":2},"a":{"a":0,"k":[0,0],"ix":1},"s":{"a":1,"k":[{"i":{"x":[0.667,0.667],"y":[1,1]},"o":{"x":[0.333,0.333],"y":[0,0]},"n":["0p667_1_0p333_0","0p667_1_0p333_0"],"t":0,"s":[220,220],"e":[100,100]},{"t":13}],"ix":3},"r":{"a":1,"k":[{"i":{"x":[0],"y":[1]},"o":{"x":[0.333],"y":[0]},"n":["0_1_0p333_0"],"t":0,"s":[12],"e":[0]},{"t":13}],"ix":6},"o":{"a":0,"k":100,"ix":7},"sk":{"a":0,"k":0,"ix":4},"sa":{"a":0,"k":0,"ix":5},"nm":"变换"}],"nm":"组 4","np":4,"mn":"ADBE Vector Group"},{"ty":"gr","it":[{"ind":0,"ty":"sh","ks":{"a":0,"k":{"i":[[0,0],[2.189,1.032],[0,0],[0.392,-0.346],[-0.577,-1.748],[0,0],[-2.168,-1.009],[0,0],[-0.453,0],[-0.266,0.21],[0.357,1.775]],"o":[[-0.476,-2.373],[0,0],[-1.662,-0.783],[-0.392,0.347],[0,0],[0.752,2.269],[0,0],[0.651,0.303],[0.687,0],[0.441,-0.347],[0,0]],"v":[[19.314,-0.738],[14.56,-6.81],[-19.995,-23.1],[-22.957,-23.072],[-23.342,-20.134],[-15.453,3.695],[-10.247,9.539],[19.721,23.471],[21.372,23.883],[22.792,23.419],[23.562,20.449]],"c":true}},"nm":"路径 1","mn":"ADBE Vector Shape - Group"},{"ty":"gr","it":[{"ind":0,"ty":"sh","ks":{"a":0,"k":{"i":[[0,0],[0,0],[0,0],[0,0]],"o":[[0,0],[0,0],[0,0],[0,0]],"v":[[-330.026,442.304],[1269.974,442.304],[1269.974,-557.696],[-330.026,-557.696]],"c":true}},"nm":"路径 1","mn":"ADBE Vector Shape - Group"},{"ind":1,"ty":"sh","ks":{"a":0,"k":{"i":[[0,0],[0,0],[0,0],[0,0]],"o":[[0,0],[0,0],[0,0],[0,0]],"v":[[-330.026,-557.696],[1269.974,-557.696],[1269.974,442.304],[-330.026,442.304]],"c":true}},"nm":"路径 2","mn":"ADBE Vector Shape - Group"},{"ty":"tr","p":{"a":0,"k":[0,0],"ix":2},"a":{"a":0,"k":[0,0],"ix":1},"s":{"a":0,"k":[100,100],"ix":3},"r":{"a":0,"k":0,"ix":6},"o":{"a":0,"k":100,"ix":7},"sk":{"a":0,"k":0,"ix":4},"sa":{"a":0,"k":0,"ix":5},"nm":"变换"}],"nm":"组 1","np":2,"mn":"ADBE Vector Group"},{"ty":"mm","mm":4,"nm":"合并路径 1","mn":"ADBE Vector Filter - Merge"},{"ty":"fl","c":{"a":0,"k":[1,0.839,0.482,1]},"o":{"a":0,"k":100},"r":1,"nm":"填充 1","mn":"ADBE Vector Graphic - Fill"},{"ty":"tr","p":{"a":1,"k":[{"i":{"x":0,"y":1},"o":{"x":0.333,"y":0},"n":"0_1_0p333_0","t":0,"s":[109.728,51.298],"e":[50.807,104.503],"to":[-9.82014942169189,8.86735057830811],"ti":[9.82014942169189,-8.86735057830811]},{"t":13}],"ix":2},"a":{"a":0,"k":[0,0],"ix":1},"s":{"a":1,"k":[{"i":{"x":[0.667,0.667],"y":[1,1]},"o":{"x":[0.333,0.333],"y":[0,0]},"n":["0p667_1_0p333_0","0p667_1_0p333_0"],"t":0,"s":[220,220],"e":[100,100]},{"t":13}],"ix":3},"r":{"a":1,"k":[{"i":{"x":[0],"y":[1]},"o":{"x":[0.333],"y":[0]},"n":["0_1_0p333_0"],"t":0,"s":[12],"e":[0]},{"t":13}],"ix":6},"o":{"a":0,"k":100,"ix":7},"sk":{"a":0,"k":0,"ix":4},"sa":{"a":0,"k":0,"ix":5},"nm":"变换"}],"nm":"组 5","np":4,"mn":"ADBE Vector Group"},{"ty":"gr","it":[{"ind":0,"ty":"sh","ks":{"a":1,"k":[{"i":{"x":0.667,"y":1},"o":{"x":0.333,"y":0},"n":"0p667_1_0p333_0","t":0,"s":[{"i":[[-0.453,0],[-0.265,0.208],[0.357,1.777],[0,0],[2.19,1.031],[0,0],[0.395,-0.347],[-0.579,-1.749],[0,0],[-2.162,-1.016],[0,0]],"o":[[0.682,0],[0.441,-0.346],[0,0],[-0.476,-2.373],[0,0],[-1.666,-0.785],[-0.392,0.347],[0,0],[0.753,2.267],[0,0],[0.656,0.308]],"v":[[21.322,23.15],[25.484,18.043],[27.099,12.329],[25.118,1.996],[20.366,-4.074],[-25.801,-25.823],[-28.763,-25.796],[-29.146,-22.856],[-21.292,0.792],[-16.094,6.647],[19.442,23.206]],"c":true}],"e":[{"i":[[-0.453,0],[-0.265,0.208],[0.357,1.777],[0,0],[2.19,1.031],[0,0],[0.395,-0.347],[-0.579,-1.749],[0,0],[-2.162,-1.016],[0,0]],"o":[[0.682,0],[0.441,-0.346],[0,0],[-0.476,-2.373],[0,0],[-1.666,-0.785],[-0.392,0.347],[0,0],[0.753,2.267],[0,0],[0.656,0.308]],"v":[[27.191,26.608],[28.598,26.151],[29.368,23.182],[25.118,1.996],[20.366,-4.074],[-25.801,-25.823],[-28.763,-25.796],[-29.146,-22.856],[-21.292,0.792],[-16.094,6.647],[25.531,26.19]],"c":true}]},{"t":1}]},"nm":"路径 1","mn":"ADBE Vector Shape - Group"},{"ty":"gr","it":[{"ind":0,"ty":"sh","ks":{"a":0,"k":{"i":[[0,0],[0,0],[0,0],[0,0]],"o":[[0,0],[0,0],[0,0],[0,0]],"v":[[-309.195,519.947],[1290.805,519.947],[1290.805,-480.053],[-309.195,-480.053]],"c":true}},"nm":"路径 1","mn":"ADBE Vector Shape - Group"},{"ind":1,"ty":"sh","ks":{"a":0,"k":{"i":[[0,0],[0,0],[0,0],[0,0]],"o":[[0,0],[0,0],[0,0],[0,0]],"v":[[-309.195,-480.053],[1290.805,-480.053],[1290.805,519.947],[-309.195,519.947]],"c":true}},"nm":"路径 2","mn":"ADBE Vector Shape - Group"},{"ty":"tr","p":{"a":0,"k":[0,0],"ix":2},"a":{"a":0,"k":[0,0],"ix":1},"s":{"a":0,"k":[100,100],"ix":3},"r":{"a":0,"k":0,"ix":6},"o":{"a":0,"k":100,"ix":7},"sk":{"a":0,"k":0,"ix":4},"sa":{"a":0,"k":0,"ix":5},"nm":"变换"}],"nm":"组 1","np":2,"mn":"ADBE Vector Group"},{"ty":"mm","mm":4,"nm":"合并路径 1","mn":"ADBE Vector Filter - Merge"},{"ty":"fl","c":{"a":0,"k":[1,0.839,0.482,1]},"o":{"a":0,"k":100},"r":1,"nm":"填充 1","mn":"ADBE Vector Graphic - Fill"},{"ty":"tr","p":{"a":1,"k":[{"i":{"x":0,"y":1},"o":{"x":0.333,"y":0},"n":"0_1_0p333_0","t":0,"s":[117.2,57.022],"e":[29.975,26.859],"to":[-14.5374345779419,-5.02701807022095],"ti":[14.5374345779419,5.02701807022095]},{"t":13}],"ix":2},"a":{"a":0,"k":[0,0],"ix":1},"s":{"a":1,"k":[{"i":{"x":[0.667,0.667],"y":[1,1]},"o":{"x":[0.333,0.333],"y":[0,0]},"n":["0p667_1_0p333_0","0p667_1_0p333_0"],"t":0,"s":[239,239],"e":[100,100]},{"t":13}],"ix":3},"r":{"a":1,"k":[{"i":{"x":[0],"y":[1]},"o":{"x":[0.333],"y":[0]},"n":["0_1_0p333_0"],"t":0,"s":[12],"e":[0]},{"t":13}],"ix":6},"o":{"a":0,"k":100,"ix":7},"sk":{"a":0,"k":0,"ix":4},"sa":{"a":0,"k":0,"ix":5},"nm":"变换"}],"nm":"组 6","np":4,"mn":"ADBE Vector Group"}],"ip":0,"op":55,"st":0,"bm":0,"sr":1},{"ddd":0,"ind":1,"ty":2,"nm":"logo","refId":"image_1","ks":{"o":{"a":0,"k":100},"r":{"a":0,"k":0},"p":{"a":1,"k":[{"i":{"x":0,"y":1},"o":{"x":0.333,"y":0},"n":"0_1_0p333_0","t":0,"s":[360.491,667.986,0],"e":[360.491,683.486,0],"to":[-0.00005972493454,2.58333849906921,0],"ti":[0.00005972493454,-2.58333849906921,0]},{"t":13}]},"a":{"a":0,"k":[94.489,102.982,0]},"s":{"a":1,"k":[{"i":{"x":[0,0,0.667],"y":[1,1,0.667]},"o":{"x":[0.333,0.333,0.333],"y":[0,0,0.333]},"n":["0_1_0p333_0","0_1_0p333_0","0p667_0p667_0p333_0p333"],"t":0,"s":[0,0,100],"e":[80,80,100]},{"t":13}]}},"ao":0,"ip":0,"op":55,"st":0,"bm":0,"sr":1},{"ddd":0,"ind":2,"ty":2,"nm":"皇冠质感","refId":"image_2","ks":{"o":{"a":0,"k":100},"r":{"a":0,"k":0},"p":{"a":1,"k":[{"i":{"x":0,"y":1},"o":{"x":0.333,"y":0},"n":"0_1_0p333_0","t":3,"s":[360.5,668,0],"e":[360.5,572.524,0],"to":[-0.00000254313159,-15.9126844406128,0],"ti":[0.00000254313159,15.9126844406128,0]},{"t":13}]},"a":{"a":0,"k":[85.046,50.771,0]},"s":{"a":1,"k":[{"i":{"x":[0,0,0.667],"y":[1,1,0.667]},"o":{"x":[0.333,0.333,0.333],"y":[0,0,0.333]},"n":["0_1_0p333_0","0_1_0p333_0","0p667_0p667_0p333_0p333"],"t":3,"s":[0,0,100],"e":[80,80,100]},{"t":13}]}},"ao":0,"ip":3,"op":55,"st":3,"bm":0,"sr":1},{"ddd":0,"ind":3,"ty":4,"nm":"“皇冠”轮廓","ks":{"o":{"a":0,"k":100},"r":{"a":0,"k":0},"p":{"a":1,"k":[{"i":{"x":0,"y":1},"o":{"x":0.333,"y":0},"n":"0_1_0p333_0","t":3,"s":[360.5,668,0],"e":[360.5,572.524,0],"to":[-0.00000254313159,-15.9126844406128,0],"ti":[0.00000254313159,15.9126844406128,0]},{"t":13}]},"a":{"a":0,"k":[85.485,51.056,0]},"s":{"a":1,"k":[{"i":{"x":[0,0,0.667],"y":[1,1,0.667]},"o":{"x":[0.333,0.333,0.333],"y":[0,0,0.333]},"n":["0_1_0p333_0","0_1_0p333_0","0p667_0p667_0p333_0p333"],"t":3,"s":[0,0,100],"e":[80,80,100]},{"t":13}]}},"ao":0,"shapes":[{"ty":"gr","it":[{"ind":0,"ty":"sh","ks":{"a":0,"k":{"i":[[0,0],[-1.129,-0.594],[-0.71,0],[-0.542,0.201],[0,0],[-2.013,-0.745],[0,0],[-1.132,0.591],[-0.33,1.287],[0,0],[0.76,0.679],[1.314,-0.498],[0,0],[-0.462,-2.407],[1.029,-2.336],[11.88,4.233],[2.311,5.357],[-1.461,3.319],[-1.503,1.345],[1.306,2.043],[0,0],[1.116,0],[0.742,-1.159],[0,0],[-1.819,-1.628],[-0.758,-1.725],[1.57,-3.639],[6.769,-2.41],[3.76,8.547],[-0.496,2.601],[2.239,0.849],[0,0],[0.761,-0.676],[-0.346,-1.362]],"o":[[0.326,1.289],[0.638,0.335],[0.546,0],[0,0],[2.01,-0.745],[0,0],[1.245,0.459],[1.13,-0.593],[0,0],[0.348,-1.361],[-0.759,-0.68],[0,0],[-2.239,0.851],[0.497,2.603],[-3.756,8.547],[-6.77,-2.411],[-1.569,-3.639],[0.758,-1.725],[1.82,-1.629],[0,0],[-0.741,-1.159],[-1.116,0],[0,0],[-1.306,2.041],[1.505,1.346],[1.46,3.32],[-2.31,5.358],[-11.87,4.232],[-1.027,-2.335],[0.459,-2.41],[0,0],[-1.314,-0.498],[-0.762,0.678],[0,0]],"v":[[-71.327,47.314],[-69.071,50.233],[-67.026,50.738],[-65.385,50.437],[-3.694,27.6],[3.726,27.598],[65.292,50.347],[68.978,50.142],[71.242,47.226],[84.887,-6.164],[84.248,-9.327],[81.034,-9.606],[65.954,-3.88],[62.887,1.742],[62.087,9.185],[33.73,17.012],[19.23,4.605],[19.065,-6.03],[22.473,-10.656],[23.359,-16.993],[2.882,-49.008],[0.003,-50.806],[-2.877,-49.008],[-23.355,-16.99],[-22.47,-10.658],[-19.059,-6.03],[-19.226,4.606],[-33.726,17.012],[-62.082,9.185],[-62.881,1.746],[-65.954,-3.88],[-81.029,-9.606],[-84.244,-9.327],[-84.889,-6.164]],"c":true}},"nm":"路径 1","mn":"ADBE Vector Shape - Group"},{"ty":"gr","it":[{"ind":0,"ty":"sh","ks":{"a":0,"k":{"i":[[0,0],[0,0],[0,0],[0,0]],"o":[[0,0],[0,0],[0,0],[0,0]],"v":[[-434.395,595.033],[1165.605,595.033],[1165.605,-404.967],[-434.395,-404.967]],"c":true}},"nm":"路径 1","mn":"ADBE Vector Shape - Group"},{"ind":1,"ty":"sh","ks":{"a":0,"k":{"i":[[0,0],[0,0],[0,0],[0,0]],"o":[[0,0],[0,0],[0,0],[0,0]],"v":[[-434.395,-404.967],[1165.605,-404.967],[1165.605,595.033],[-434.395,595.033]],"c":true}},"nm":"路径 2","mn":"ADBE Vector Shape - Group"},{"ty":"tr","p":{"a":0,"k":[0,0],"ix":2},"a":{"a":0,"k":[0,0],"ix":1},"s":{"a":0,"k":[100,100],"ix":3},"r":{"a":0,"k":0,"ix":6},"o":{"a":0,"k":100,"ix":7},"sk":{"a":0,"k":0,"ix":4},"sa":{"a":0,"k":0,"ix":5},"nm":"变换"}],"nm":"组 1","np":2,"mn":"ADBE Vector Group"},{"ty":"mm","mm":4,"nm":"合并路径 1","mn":"ADBE Vector Filter - Merge"},{"ty":"fl","c":{"a":0,"k":[1,0.839,0.482,1]},"o":{"a":0,"k":100},"r":1,"nm":"填充 1","mn":"ADBE Vector Graphic - Fill"},{"ty":"tr","p":{"a":0,"k":[85.485,51.056],"ix":2},"a":{"a":0,"k":[0,0],"ix":1},"s":{"a":0,"k":[100,100],"ix":3},"r":{"a":0,"k":0,"ix":6},"o":{"a":0,"k":100,"ix":7},"sk":{"a":0,"k":0,"ix":4},"sa":{"a":0,"k":0,"ix":5},"nm":"变换"}],"nm":"组 1","np":4,"mn":"ADBE Vector Group"}],"ip":3,"op":55,"st":3,"bm":0,"sr":1}]}],"layers":[{"ddd":0,"ind":0,"ty":4,"nm":"形状图层 2","ks":{"o":{"a":1,"k":[{"i":{"x":[0.833],"y":[0.833]},"o":{"x":[0.167],"y":[0.167]},"n":["0p833_0p833_0p167_0p167"],"t":0,"s":[0],"e":[100]},{"i":{"x":[0.833],"y":[0.833]},"o":{"x":[0.167],"y":[0.167]},"n":["0p833_0p833_0p167_0p167"],"t":9,"s":[100],"e":[0]},{"t":12}]},"r":{"a":0,"k":0},"p":{"a":0,"k":[202.5,278,0]},"a":{"a":0,"k":[0,0,0]},"s":{"a":0,"k":[100,100,100]}},"ao":0,"shapes":[{"ty":"gr","it":[{"d":1,"ty":"el","s":{"a":1,"k":[{"i":{"x":[0.667,0.667],"y":[1,1]},"o":{"x":[0.333,0.333],"y":[0,0]},"n":["0p667_1_0p333_0","0p667_1_0p333_0"],"t":0,"s":[0,0],"e":[23,23]},{"t":12}]},"p":{"a":0,"k":[0,0]},"nm":"椭圆路径 1","mn":"ADBE Vector Shape - Ellipse"},{"ty":"fl","c":{"a":0,"k":[0.992,0.831,0.478,1]},"o":{"a":0,"k":100},"r":1,"nm":"填充 1","mn":"ADBE Vector Graphic - Fill"},{"ty":"tr","p":{"a":0,"k":[-0.145,-76.645],"ix":2},"a":{"a":0,"k":[0,0],"ix":1},"s":{"a":0,"k":[100,100],"ix":3},"r":{"a":0,"k":0,"ix":6},"o":{"a":0,"k":100,"ix":7},"sk":{"a":0,"k":0,"ix":4},"sa":{"a":0,"k":0,"ix":5},"nm":"变换"}],"nm":"椭圆 1","np":3,"mn":"ADBE Vector Group"}],"ip":0,"op":12,"st":0,"bm":0,"sr":1},{"ddd":0,"ind":1,"ty":4,"nm":"形状图层 3","ks":{"o":{"a":1,"k":[{"i":{"x":[0.833],"y":[0.833]},"o":{"x":[0.167],"y":[0.167]},"n":["0p833_0p833_0p167_0p167"],"t":6,"s":[60],"e":[0]},{"t":16}]},"r":{"a":0,"k":0},"p":{"a":0,"k":[202.5,278,0]},"a":{"a":0,"k":[0,0,0]},"s":{"a":0,"k":[100,100,100]}},"ao":0,"shapes":[{"ty":"gr","it":[{"d":1,"ty":"el","s":{"a":1,"k":[{"i":{"x":[0,0],"y":[1,1]},"o":{"x":[0.333,0.333],"y":[0,0]},"n":["0_1_0p333_0","0_1_0p333_0"],"t":6,"s":[0,0],"e":[36,36]},{"t":16}]},"p":{"a":0,"k":[0,0]},"nm":"椭圆路径 1","mn":"ADBE Vector Shape - Ellipse"},{"ty":"fl","c":{"a":0,"k":[0.992,0.831,0.478,1]},"o":{"a":0,"k":100},"r":1,"nm":"填充 1","mn":"ADBE Vector Graphic - Fill"},{"ty":"tr","p":{"a":0,"k":[-0.145,-76.645],"ix":2},"a":{"a":0,"k":[0,0],"ix":1},"s":{"a":0,"k":[100,100],"ix":3},"r":{"a":0,"k":0,"ix":6},"o":{"a":0,"k":100,"ix":7},"sk":{"a":0,"k":0,"ix":4},"sa":{"a":0,"k":0,"ix":5},"nm":"变换"}],"nm":"椭圆 1","np":3,"mn":"ADBE Vector Group"}],"ip":6,"op":16,"st":6,"bm":0,"sr":1},{"ddd":0,"ind":2,"ty":4,"nm":"形状图层 1","ks":{"o":{"a":1,"k":[{"i":{"x":[0.833],"y":[0.833]},"o":{"x":[0.167],"y":[0.167]},"n":["0p833_0p833_0p167_0p167"],"t":9,"s":[60],"e":[0]},{"t":19}]},"r":{"a":0,"k":0},"p":{"a":0,"k":[202.5,278,0]},"a":{"a":0,"k":[0,0,0]},"s":{"a":0,"k":[100,100,100]}},"ao":0,"shapes":[{"ty":"gr","it":[{"d":1,"ty":"el","s":{"a":1,"k":[{"i":{"x":[0,0],"y":[1,1]},"o":{"x":[0.333,0.333],"y":[0,0]},"n":["0_1_0p333_0","0_1_0p333_0"],"t":9,"s":[0,0],"e":[47,47]},{"t":19}]},"p":{"a":0,"k":[0,0]},"nm":"椭圆路径 1","mn":"ADBE Vector Shape - Ellipse"},{"ty":"fl","c":{"a":0,"k":[0.992,0.831,0.478,1]},"o":{"a":0,"k":100},"r":1,"nm":"填充 1","mn":"ADBE Vector Graphic - Fill"},{"ty":"tr","p":{"a":0,"k":[-0.145,-76.645],"ix":2},"a":{"a":0,"k":[0,0],"ix":1},"s":{"a":0,"k":[100,100],"ix":3},"r":{"a":0,"k":0,"ix":6},"o":{"a":0,"k":100,"ix":7},"sk":{"a":0,"k":0,"ix":4},"sa":{"a":0,"k":0,"ix":5},"nm":"变换"}],"nm":"椭圆 1","np":3,"mn":"ADBE Vector Group"}],"ip":9,"op":19,"st":9,"bm":0,"sr":1},{"ddd":0,"ind":3,"ty":2,"nm":"04.ai","cl":"ai","refId":"image_0","ks":{"o":{"a":0,"k":100},"r":{"a":0,"k":0},"p":{"a":0,"k":[208.45,162.26,0]},"a":{"a":0,"k":[195,184,0]},"s":{"a":0,"k":[91,91,100]}},"ao":0,"ip":32,"op":50,"st":-348,"bm":0,"sr":1},{"ddd":0,"ind":4,"ty":0,"nm":"预合成 4","refId":"comp_0","ks":{"o":{"a":0,"k":100},"r":{"a":0,"k":0},"p":{"a":1,"k":[{"i":{"x":0,"y":1},"o":{"x":0.349,"y":0},"n":"0_1_0p349_0","t":19,"s":[202.5,208,0],"e":[204.5,188,0],"to":[0.33333334326744,-3.33333325386047,0],"ti":[-0.33333334326744,3.33333325386047,0]},{"t":32}]},"a":{"a":0,"k":[360,667,0]},"s":{"a":1,"k":[{"i":{"x":[0.833,0.833,0.833],"y":[0.833,0.833,0.833]},"o":{"x":[0.167,0.167,0.167],"y":[0.167,0.167,0.167]},"n":["0p833_0p833_0p167_0p167","0p833_0p833_0p167_0p167","0p833_0p833_0p167_0p167"],"t":19,"s":[100,100,100],"e":[132,132,100]},{"t":32}]}},"ao":0,"w":720,"h":1334,"ip":19,"op":32,"st":19,"bm":0,"sr":1},{"ddd":0,"ind":5,"ty":4,"nm":"“11_egame_logo_ver_rev”轮廓","ks":{"o":{"a":1,"k":[{"i":{"x":[0.833],"y":[0.833]},"o":{"x":[0.167],"y":[0.167]},"n":["0p833_0p833_0p167_0p167"],"t":23,"s":[0],"e":[100]},{"t":32}]},"r":{"a":0,"k":0},"p":{"a":0,"k":[204.5,193,0]},"a":{"a":0,"k":[522.5,355,0]},"s":{"a":0,"k":[105,105,100]}},"ao":0,"shapes":[{"ty":"gr","it":[{"ind":0,"ty":"sh","ks":{"a":0,"k":{"i":[[0,0],[0,0],[0,0],[0,0]],"o":[[0,0],[0,0],[0,0],[0,0]],"v":[[-20.185,-13.701],[18.357,-13.701],[18.357,-4.002],[-20.185,-4.002]],"c":true}},"nm":"路径 1","mn":"ADBE Vector Shape - Group"},{"ind":1,"ty":"sh","ks":{"a":0,"k":{"i":[[0,0]],"o":[[0,0]],"v":[[-20.185,-4]],"c":false}},"nm":"路径 2","mn":"ADBE Vector Shape - Group"},{"ind":2,"ty":"sh","ks":{"a":0,"k":{"i":[[0,0],[0,0],[0,0],[0,0],[0,0],[0,0],[0,0],[7.315,-5.958],[-0.354,0],[0,0],[-3.558,5.313],[0,0],[0,0],[0,0],[0,0]],"o":[[0,0],[0,0],[0,0],[0,0],[0,0],[0,0],[-4.227,5.216],[-0.258,0.211],[0,0],[7.053,-6.277],[0,0],[0,0],[0,0],[0,0],[0,0]],"v":[[12.875,12.354],[12.875,1.967],[25.519,1.967],[25.519,-19.669],[-27.348,-19.669],[-27.348,1.967],[-15.901,1.967],[-33.494,19.019],[-33.266,19.669],[-23.214,19.669],[-6.989,1.967],[5.713,1.967],[5.713,18.919],[33.752,18.919],[33.752,12.354]],"c":true}},"nm":"路径 3","mn":"ADBE Vector Shape - Group"},{"ty":"mm","mm":1,"nm":"合并路径 1","mn":"ADBE Vector Filter - Merge"},{"ty":"gr","it":[{"ind":0,"ty":"sh","ks":{"a":0,"k":{"i":[[0,0],[0,0],[0,0],[0,0]],"o":[[0,0],[0,0],[0,0],[0,0]],"v":[[-636.417,153.404],[408.583,153.404],[408.583,-556.596],[-636.417,-556.596]],"c":true}},"nm":"路径 1","mn":"ADBE Vector Shape - Group"},{"ind":1,"ty":"sh","ks":{"a":0,"k":{"i":[[0,0],[0,0],[0,0],[0,0]],"o":[[0,0],[0,0],[0,0],[0,0]],"v":[[-636.417,-556.596],[408.583,-556.596],[408.583,153.404],[-636.417,153.404]],"c":true}},"nm":"路径 2","mn":"ADBE Vector Shape - Group"},{"ty":"tr","p":{"a":0,"k":[0,0],"ix":2},"a":{"a":0,"k":[0,0],"ix":1},"s":{"a":0,"k":[100,100],"ix":3},"r":{"a":0,"k":0,"ix":6},"o":{"a":0,"k":100,"ix":7},"sk":{"a":0,"k":0,"ix":4},"sa":{"a":0,"k":0,"ix":5},"nm":"变换"}],"nm":"组 1","np":2,"mn":"ADBE Vector Group"},{"ty":"mm","mm":4,"nm":"合并路径 2","mn":"ADBE Vector Filter - Merge"},{"ty":"fl","c":{"a":0,"k":[1,1,1,1]},"o":{"a":0,"k":100},"r":1,"nm":"填充 1","mn":"ADBE Vector Graphic - Fill"},{"ty":"tr","p":{"a":0,"k":[636.417,556.596],"ix":2},"a":{"a":0,"k":[0,0],"ix":1},"s":{"a":0,"k":[100,100],"ix":3},"r":{"a":0,"k":0,"ix":6},"o":{"a":0,"k":100,"ix":7},"sk":{"a":0,"k":0,"ix":4},"sa":{"a":0,"k":0,"ix":5},"nm":"变换"}],"nm":"组 16","np":7,"mn":"ADBE Vector Group"},{"ty":"gr","it":[{"ind":0,"ty":"sh","ks":{"a":0,"k":{"i":[[0,0],[0,0],[0,0],[0,0],[0,0],[0,0],[0,0],[0,0]],"o":[[0,0],[0,0],[0,0],[0,0],[0,0],[0,0],[0,0],[0,0]],"v":[[31.158,0.292],[3.581,0.292],[3.581,-6.261],[-3.581,-6.261],[-3.581,0.292],[-31.158,0.292],[-31.158,6.261],[31.158,6.261]],"c":true}},"nm":"路径 1","mn":"ADBE Vector Shape - Group"},{"ty":"gr","it":[{"ind":0,"ty":"sh","ks":{"a":0,"k":{"i":[[0,0],[0,0],[0,0],[0,0]],"o":[[0,0],[0,0],[0,0],[0,0]],"v":[[-635.49,200.384],[409.51,200.384],[409.51,-509.616],[-635.49,-509.616]],"c":true}},"nm":"路径 1","mn":"ADBE Vector Shape - Group"},{"ind":1,"ty":"sh","ks":{"a":0,"k":{"i":[[0,0],[0,0],[0,0],[0,0]],"o":[[0,0],[0,0],[0,0],[0,0]],"v":[[-635.49,-509.616],[409.51,-509.616],[409.51,200.384],[-635.49,200.384]],"c":true}},"nm":"路径 2","mn":"ADBE Vector Shape - Group"},{"ty":"tr","p":{"a":0,"k":[0,0],"ix":2},"a":{"a":0,"k":[0,0],"ix":1},"s":{"a":0,"k":[100,100],"ix":3},"r":{"a":0,"k":0,"ix":6},"o":{"a":0,"k":100,"ix":7},"sk":{"a":0,"k":0,"ix":4},"sa":{"a":0,"k":0,"ix":5},"nm":"变换"}],"nm":"组 1","np":2,"mn":"ADBE Vector Group"},{"ty":"mm","mm":4,"nm":"合并路径 1","mn":"ADBE Vector Filter - Merge"},{"ty":"fl","c":{"a":0,"k":[1,1,1,1]},"o":{"a":0,"k":100},"r":1,"nm":"填充 1","mn":"ADBE Vector Graphic - Fill"},{"ty":"tr","p":{"a":0,"k":[635.49,509.616],"ix":2},"a":{"a":0,"k":[0,0],"ix":1},"s":{"a":0,"k":[100,100],"ix":3},"r":{"a":0,"k":0,"ix":6},"o":{"a":0,"k":100,"ix":7},"sk":{"a":0,"k":0,"ix":4},"sa":{"a":0,"k":0,"ix":5},"nm":"变换"}],"nm":"组 17","np":4,"mn":"ADBE Vector Group"},{"ty":"gr","it":[{"ind":0,"ty":"sh","ks":{"a":0,"k":{"i":[[0,0],[0,0],[-0.118,0.33],[0.24,0],[0,0],[0,0],[0,0],[0,0],[0,0],[-0.091,-0.257],[0,0],[0,0],[0,0],[0,0]],"o":[[0,0],[0,0],[0.079,-0.224],[0,0],[0,0],[0,0],[0,0],[0,0],[-0.271,0],[0.098,0.273],[0,0],[0,0],[0,0],[0,0]],"v":[[34.65,1.148],[18.134,1.148],[20.915,-6.641],[20.565,-7.117],[13.479,-7.117],[10.528,1.148],[-10.434,1.148],[-13.385,-7.117],[-20.474,-7.117],[-20.806,-6.601],[-18.039,1.148],[-34.65,1.148],[-34.65,7.117],[34.65,7.117]],"c":true}},"nm":"路径 1","mn":"ADBE Vector Shape - Group"},{"ty":"gr","it":[{"ind":0,"ty":"sh","ks":{"a":0,"k":{"i":[[0,0],[0,0],[0,0],[0,0]],"o":[[0,0],[0,0],[0,0],[0,0]],"v":[[-635.468,184.685],[409.532,184.685],[409.532,-525.315],[-635.468,-525.315]],"c":true}},"nm":"路径 1","mn":"ADBE Vector Shape - Group"},{"ind":1,"ty":"sh","ks":{"a":0,"k":{"i":[[0,0],[0,0],[0,0],[0,0]],"o":[[0,0],[0,0],[0,0],[0,0]],"v":[[-635.468,-525.315],[409.532,-525.315],[409.532,184.685],[-635.468,184.685]],"c":true}},"nm":"路径 2","mn":"ADBE Vector Shape - Group"},{"ty":"tr","p":{"a":0,"k":[0,0],"ix":2},"a":{"a":0,"k":[0,0],"ix":1},"s":{"a":0,"k":[100,100],"ix":3},"r":{"a":0,"k":0,"ix":6},"o":{"a":0,"k":100,"ix":7},"sk":{"a":0,"k":0,"ix":4},"sa":{"a":0,"k":0,"ix":5},"nm":"变换"}],"nm":"组 1","np":2,"mn":"ADBE Vector Group"},{"ty":"mm","mm":4,"nm":"合并路径 1","mn":"ADBE Vector Filter - Merge"},{"ty":"fl","c":{"a":0,"k":[1,1,1,1]},"o":{"a":0,"k":100},"r":1,"nm":"填充 1","mn":"ADBE Vector Graphic - Fill"},{"ty":"tr","p":{"a":0,"k":[635.468,525.315],"ix":2},"a":{"a":0,"k":[0,0],"ix":1},"s":{"a":0,"k":[100,100],"ix":3},"r":{"a":0,"k":0,"ix":6},"o":{"a":0,"k":100,"ix":7},"sk":{"a":0,"k":0,"ix":4},"sa":{"a":0,"k":0,"ix":5},"nm":"变换"}],"nm":"组 18","np":4,"mn":"ADBE Vector Group"},{"ty":"gr","it":[{"ind":0,"ty":"sh","ks":{"a":0,"k":{"i":[[0,0],[0,0],[0,0],[0,0]],"o":[[0,0],[0,0],[0,0],[0,0]],"v":[[-5.818,-7.121],[-25.732,-7.121],[-25.732,-20.645],[-5.818,-20.645]],"c":true}},"nm":"路径 1","mn":"ADBE Vector Shape - Group"},{"ind":1,"ty":"sh","ks":{"a":0,"k":{"i":[[0,0],[0,0],[0,0],[0,0]],"o":[[0,0],[0,0],[0,0],[0,0]],"v":[[-5.818,12.372],[-25.732,12.372],[-25.732,-1.152],[-5.818,-1.152]],"c":true}},"nm":"路径 2","mn":"ADBE Vector Shape - Group"},{"ind":2,"ty":"sh","ks":{"a":0,"k":{"i":[[0,0],[0,0],[0,0],[0,0]],"o":[[0,0],[0,0],[0,0],[0,0]],"v":[[1.345,-1.152],[21.932,-1.152],[21.932,12.372],[1.345,12.372]],"c":true}},"nm":"路径 3","mn":"ADBE Vector Shape - Group"},{"ind":3,"ty":"sh","ks":{"a":0,"k":{"i":[[0,0],[0,0],[0,0],[0,0]],"o":[[0,0],[0,0],[0,0],[0,0]],"v":[[1.345,-20.645],[21.932,-20.645],[21.932,-7.121],[1.345,-7.121]],"c":true}},"nm":"路径 4","mn":"ADBE Vector Shape - Group"},{"ind":4,"ty":"sh","ks":{"a":0,"k":{"i":[[0,0],[0,0],[0,0],[0,0],[0,0],[0,0],[0,0],[0,0],[0,0],[0,0],[0,0],[0,0],[0,0],[0,0]],"o":[[0,0],[0,0],[0,0],[0,0],[0,0],[0,0],[0,0],[0,0],[0,0],[0,0],[0,0],[0,0],[0,0],[0,0]],"v":[[1.345,18.341],[29.094,18.341],[29.094,-26.613],[1.345,-26.613],[1.345,-35.769],[-5.818,-35.769],[-5.818,-26.613],[-32.894,-26.613],[-32.894,18.341],[-5.818,18.341],[-5.818,35.769],[32.894,35.769],[32.894,29.203],[1.345,29.203]],"c":true}},"nm":"路径 5","mn":"ADBE Vector Shape - Group"},{"ty":"mm","mm":1,"nm":"合并路径 1","mn":"ADBE Vector Filter - Merge"},{"ty":"gr","it":[{"ind":0,"ty":"sh","ks":{"a":0,"k":{"i":[[0,0],[0,0],[0,0],[0,0]],"o":[[0,0],[0,0],[0,0],[0,0]],"v":[[-560.745,170.964],[484.255,170.964],[484.255,-539.036],[-560.745,-539.036]],"c":true}},"nm":"路径 1","mn":"ADBE Vector Shape - Group"},{"ind":1,"ty":"sh","ks":{"a":0,"k":{"i":[[0,0],[0,0],[0,0],[0,0]],"o":[[0,0],[0,0],[0,0],[0,0]],"v":[[-560.745,-539.036],[484.255,-539.036],[484.255,170.964],[-560.745,170.964]],"c":true}},"nm":"路径 2","mn":"ADBE Vector Shape - Group"},{"ty":"tr","p":{"a":0,"k":[0,0],"ix":2},"a":{"a":0,"k":[0,0],"ix":1},"s":{"a":0,"k":[100,100],"ix":3},"r":{"a":0,"k":0,"ix":6},"o":{"a":0,"k":100,"ix":7},"sk":{"a":0,"k":0,"ix":4},"sa":{"a":0,"k":0,"ix":5},"nm":"变换"}],"nm":"组 1","np":2,"mn":"ADBE Vector Group"},{"ty":"mm","mm":4,"nm":"合并路径 2","mn":"ADBE Vector Filter - Merge"},{"ty":"fl","c":{"a":0,"k":[1,1,1,1]},"o":{"a":0,"k":100},"r":1,"nm":"填充 1","mn":"ADBE Vector Graphic - Fill"},{"ty":"tr","p":{"a":0,"k":[560.745,539.036],"ix":2},"a":{"a":0,"k":[0,0],"ix":1},"s":{"a":0,"k":[100,100],"ix":3},"r":{"a":0,"k":0,"ix":6},"o":{"a":0,"k":100,"ix":7},"sk":{"a":0,"k":0,"ix":4},"sa":{"a":0,"k":0,"ix":5},"nm":"变换"}],"nm":"组 19","np":9,"mn":"ADBE Vector Group"},{"ty":"gr","it":[{"ind":0,"ty":"sh","ks":{"a":0,"k":{"i":[[0,0],[0,0],[0,0],[0,0],[0,0],[0,0],[0,0],[0,0],[0,0],[0,0],[0,0],[0,0],[0,0],[0,0],[0,0],[0,0]],"o":[[0,0],[0,0],[0,0],[0,0],[0,0],[0,0],[0,0],[0,0],[0,0],[0,0],[0,0],[0,0],[0,0],[0,0],[0,0],[0,0]],"v":[[4.677,-1.203],[27.836,-1.203],[27.836,-7.769],[4.677,-7.769],[4.677,-26.423],[-2.487,-26.423],[-2.487,19.858],[-17.293,19.858],[-17.293,-12.095],[-24.454,-12.095],[-24.454,19.858],[-32.484,19.858],[-32.484,26.423],[32.484,26.423],[32.484,19.858],[4.677,19.858]],"c":true}},"nm":"路径 1","mn":"ADBE Vector Shape - Group"},{"ty":"gr","it":[{"ind":0,"ty":"sh","ks":{"a":0,"k":{"i":[[0,0],[0,0],[0,0],[0,0]],"o":[[0,0],[0,0],[0,0],[0,0]],"v":[[-409.111,161.521],[635.889,161.521],[635.889,-548.479],[-409.111,-548.479]],"c":true}},"nm":"路径 1","mn":"ADBE Vector Shape - Group"},{"ind":1,"ty":"sh","ks":{"a":0,"k":{"i":[[0,0],[0,0],[0,0],[0,0]],"o":[[0,0],[0,0],[0,0],[0,0]],"v":[[-409.111,-548.479],[635.889,-548.479],[635.889,161.521],[-409.111,161.521]],"c":true}},"nm":"路径 2","mn":"ADBE Vector Shape - Group"},{"ty":"tr","p":{"a":0,"k":[0,0],"ix":2},"a":{"a":0,"k":[0,0],"ix":1},"s":{"a":0,"k":[100,100],"ix":3},"r":{"a":0,"k":0,"ix":6},"o":{"a":0,"k":100,"ix":7},"sk":{"a":0,"k":0,"ix":4},"sa":{"a":0,"k":0,"ix":5},"nm":"变换"}],"nm":"组 1","np":2,"mn":"ADBE Vector Group"},{"ty":"mm","mm":4,"nm":"合并路径 1","mn":"ADBE Vector Filter - Merge"},{"ty":"fl","c":{"a":0,"k":[1,1,1,1]},"o":{"a":0,"k":100},"r":1,"nm":"填充 1","mn":"ADBE Vector Graphic - Fill"},{"ty":"tr","p":{"a":0,"k":[409.111,548.479],"ix":2},"a":{"a":0,"k":[0,0],"ix":1},"s":{"a":0,"k":[100,100],"ix":3},"r":{"a":0,"k":0,"ix":6},"o":{"a":0,"k":100,"ix":7},"sk":{"a":0,"k":0,"ix":4},"sa":{"a":0,"k":0,"ix":5},"nm":"变换"}],"nm":"组 20","np":4,"mn":"ADBE Vector Group"},{"ty":"gr","it":[{"ind":0,"ty":"sh","ks":{"a":0,"k":{"i":[[9.651,6.889],[0.132,0],[0,0],[13.661,-7.758],[0,0],[-0.347,0.182],[-11.279,7.659],[-13.291,-7.521],[0,0.201],[0,0]],"o":[[0,0],[-0.131,0],[-9.652,6.889],[0,0],[0,0.201],[13.29,-7.521],[11.279,7.659],[0.347,0.182],[0,0],[-13.661,-7.758]],"v":[[0.218,-14.935],[0,-14.999],[-0.217,-14.935],[-34.678,6.994],[-34.678,14.505],[-34.092,14.817],[0,-6.164],[34.093,14.817],[34.679,14.505],[34.679,6.994]],"c":true}},"nm":"路径 1","mn":"ADBE Vector Shape - Group"},{"ty":"gr","it":[{"ind":0,"ty":"sh","ks":{"a":0,"k":{"i":[[0,0],[0,0],[0,0],[0,0]],"o":[[0,0],[0,0],[0,0],[0,0]],"v":[[-409.115,191.638],[635.885,191.638],[635.885,-518.362],[-409.115,-518.362]],"c":true}},"nm":"路径 1","mn":"ADBE Vector Shape - Group"},{"ind":1,"ty":"sh","ks":{"a":0,"k":{"i":[[0,0],[0,0],[0,0],[0,0]],"o":[[0,0],[0,0],[0,0],[0,0]],"v":[[-409.115,-518.362],[635.885,-518.362],[635.885,191.638],[-409.115,191.638]],"c":true}},"nm":"路径 2","mn":"ADBE Vector Shape - Group"},{"ty":"tr","p":{"a":0,"k":[0,0],"ix":2},"a":{"a":0,"k":[0,0],"ix":1},"s":{"a":0,"k":[100,100],"ix":3},"r":{"a":0,"k":0,"ix":6},"o":{"a":0,"k":100,"ix":7},"sk":{"a":0,"k":0,"ix":4},"sa":{"a":0,"k":0,"ix":5},"nm":"变换"}],"nm":"组 1","np":2,"mn":"ADBE Vector Group"},{"ty":"mm","mm":4,"nm":"合并路径 1","mn":"ADBE Vector Filter - Merge"},{"ty":"fl","c":{"a":0,"k":[1,1,1,1]},"o":{"a":0,"k":100},"r":1,"nm":"填充 1","mn":"ADBE Vector Graphic - Fill"},{"ty":"tr","p":{"a":0,"k":[409.115,518.362],"ix":2},"a":{"a":0,"k":[0,0],"ix":1},"s":{"a":0,"k":[100,100],"ix":3},"r":{"a":0,"k":0,"ix":6},"o":{"a":0,"k":100,"ix":7},"sk":{"a":0,"k":0,"ix":4},"sa":{"a":0,"k":0,"ix":5},"nm":"变换"}],"nm":"组 21","np":4,"mn":"ADBE Vector Group"},{"ty":"gr","it":[{"ind":0,"ty":"sh","ks":{"a":0,"k":{"i":[[-0.045,-0.217],[0,0],[0,0],[0.046,0.223],[0,0],[0,0]],"o":[[0.052,0.251],[0,0],[0.231,0],[-0.047,-0.224],[0,0],[-0.241,0]],"v":[[-4.691,-7.919],[-1.312,8.361],[4.332,8.361],[4.69,7.91],[1.313,-8.362],[-4.332,-8.362]],"c":true}},"nm":"路径 1","mn":"ADBE Vector Shape - Group"},{"ty":"gr","it":[{"ind":0,"ty":"sh","ks":{"a":0,"k":{"i":[[0,0],[0,0],[0,0],[0,0]],"o":[[0,0],[0,0],[0,0],[0,0]],"v":[[-503.124,181.978],[541.876,181.978],[541.876,-528.022],[-503.124,-528.022]],"c":true}},"nm":"路径 1","mn":"ADBE Vector Shape - Group"},{"ind":1,"ty":"sh","ks":{"a":0,"k":{"i":[[0,0],[0,0],[0,0],[0,0]],"o":[[0,0],[0,0],[0,0],[0,0]],"v":[[-503.124,-528.022],[541.876,-528.022],[541.876,181.978],[-503.124,181.978]],"c":true}},"nm":"路径 2","mn":"ADBE Vector Shape - Group"},{"ty":"tr","p":{"a":0,"k":[0,0],"ix":2},"a":{"a":0,"k":[0,0],"ix":1},"s":{"a":0,"k":[100,100],"ix":3},"r":{"a":0,"k":0,"ix":6},"o":{"a":0,"k":100,"ix":7},"sk":{"a":0,"k":0,"ix":4},"sa":{"a":0,"k":0,"ix":5},"nm":"变换"}],"nm":"组 1","np":2,"mn":"ADBE Vector Group"},{"ty":"mm","mm":4,"nm":"合并路径 1","mn":"ADBE Vector Filter - Merge"},{"ty":"fl","c":{"a":0,"k":[1,1,1,1]},"o":{"a":0,"k":100},"r":1,"nm":"填充 1","mn":"ADBE Vector Graphic - Fill"},{"ty":"tr","p":{"a":0,"k":[503.124,528.022],"ix":2},"a":{"a":0,"k":[0,0],"ix":1},"s":{"a":0,"k":[100,100],"ix":3},"r":{"a":0,"k":0,"ix":6},"o":{"a":0,"k":100,"ix":7},"sk":{"a":0,"k":0,"ix":4},"sa":{"a":0,"k":0,"ix":5},"nm":"变换"}],"nm":"组 22","np":4,"mn":"ADBE Vector Group"},{"ty":"gr","it":[{"ind":0,"ty":"sh","ks":{"a":0,"k":{"i":[[0,0],[0.046,0.223],[0,0],[0,0],[-0.045,-0.217],[0,0]],"o":[[0.231,0],[-0.047,-0.224],[0,0],[-0.241,0],[0.052,0.251],[0,0]],"v":[[4.029,6.9],[4.386,6.449],[1.616,-6.9],[-4.029,-6.9],[-4.388,-6.456],[-1.617,6.9]],"c":true}},"nm":"路径 1","mn":"ADBE Vector Shape - Group"},{"ty":"gr","it":[{"ind":0,"ty":"sh","ks":{"a":0,"k":{"i":[[0,0],[0,0],[0,0],[0,0]],"o":[[0,0],[0,0],[0,0],[0,0]],"v":[[-482.215,194.188],[562.785,194.188],[562.785,-515.812],[-482.215,-515.812]],"c":true}},"nm":"路径 1","mn":"ADBE Vector Shape - Group"},{"ind":1,"ty":"sh","ks":{"a":0,"k":{"i":[[0,0],[0,0],[0,0],[0,0]],"o":[[0,0],[0,0],[0,0],[0,0]],"v":[[-482.215,-515.812],[562.785,-515.812],[562.785,194.188],[-482.215,194.188]],"c":true}},"nm":"路径 2","mn":"ADBE Vector Shape - Group"},{"ty":"tr","p":{"a":0,"k":[0,0],"ix":2},"a":{"a":0,"k":[0,0],"ix":1},"s":{"a":0,"k":[100,100],"ix":3},"r":{"a":0,"k":0,"ix":6},"o":{"a":0,"k":100,"ix":7},"sk":{"a":0,"k":0,"ix":4},"sa":{"a":0,"k":0,"ix":5},"nm":"变换"}],"nm":"组 1","np":2,"mn":"ADBE Vector Group"},{"ty":"mm","mm":4,"nm":"合并路径 1","mn":"ADBE Vector Filter - Merge"},{"ty":"fl","c":{"a":0,"k":[1,1,1,1]},"o":{"a":0,"k":100},"r":1,"nm":"填充 1","mn":"ADBE Vector Graphic - Fill"},{"ty":"tr","p":{"a":0,"k":[482.215,515.812],"ix":2},"a":{"a":0,"k":[0,0],"ix":1},"s":{"a":0,"k":[100,100],"ix":3},"r":{"a":0,"k":0,"ix":6},"o":{"a":0,"k":100,"ix":7},"sk":{"a":0,"k":0,"ix":4},"sa":{"a":0,"k":0,"ix":5},"nm":"变换"}],"nm":"组 23","np":4,"mn":"ADBE Vector Group"},{"ty":"gr","it":[{"ind":0,"ty":"sh","ks":{"a":0,"k":{"i":[[0.219,0],[0,0],[0,0],[1.305,4.866],[-1.748,5.804],[0.234,0],[0,0],[0.98,-2.504],[0.227,2.752],[0.107,1.451],[0,0],[0,0],[0,0],[0,9.847],[0,0],[-0.357,-7.705],[0,0],[0,0],[0,0],[0,0],[0.236,-0.079],[0,0],[0,0],[-0.239,0.08],[-2.705,0.899],[0,0],[0,0],[0,0],[0,0],[0,0],[0,0],[0,0],[-0.242,0.107],[-3.297,1.437],[0,0],[0,0],[-0.079,-0.22],[0,0],[0,0],[0,0],[0,0],[0,0],[0,0],[0,0],[0.233,-0.102],[2.558,-1.114],[0,0],[0,0],[-0.172,-2.091],[-0.946,-4.148],[3.059,-4.76],[-0.315,0],[0,0],[-1.23,2.241],[-1.282,-1.826],[-1.242,-0.883],[-0.268,0.661],[-0.83,2.197]],"o":[[0,0],[0,0],[-1.665,-2.61],[2.75,-5.816],[0.079,-0.264],[0,0],[-0.783,2.495],[-0.301,-2.263],[-0.13,-1.577],[0,0],[0,0],[0,0],[-0.344,-6.263],[0,0],[0,7.378],[0,0],[0,0],[2.217,-0.737],[0,0],[0,-0.259],[-0.182,0.062],[0,0],[0,0.241],[0.093,-0.031],[0,0],[0,0],[0,0],[0,0],[0,0],[-3.571,1.556],[0,0],[0,0.26],[0.092,-0.04],[0,0],[0,0],[-0.248,0],[0.079,0.22],[0,0],[0,0],[0,0],[0,0],[2.857,-1.244],[0,0],[0,-0.285],[-0.066,0.029],[0,0],[0,0],[0.13,2.04],[0.536,6.513],[-2.365,4.786],[-0.139,0.216],[0,0],[1.375,-2.232],[1.574,3.988],[1.631,2.324],[0.483,0.344],[0.792,-1.96],[0.096,-0.255]],"v":[[20.037,22.077],[14.429,22.077],[13.099,25.378],[8.566,14.699],[15.324,-2.747],[14.979,-3.232],[9.225,-3.232],[6.575,4.268],[5.78,-3.232],[5.426,-7.754],[15.706,-7.754],[15.706,-13.723],[5.038,-13.723],[4.553,-36.239],[-1.377,-36.239],[-0.913,-13.723],[-7.064,-13.723],[-7.064,-25.619],[-3.18,-26.911],[-3.18,-32.698],[-3.668,-33.043],[-18.54,-28.098],[-18.54,-22.305],[-18.061,-21.963],[-13.032,-23.635],[-13.032,-13.723],[-20.438,-13.723],[-20.438,-7.754],[-13.032,-7.754],[-13.032,5.978],[-19.708,8.887],[-19.708,14.849],[-19.196,15.18],[-13.032,12.494],[-13.032,29.331],[-18.446,29.331],[-18.796,29.81],[-16.813,35.3],[-7.064,35.3],[-7.064,34.994],[-7.064,29.331],[-7.064,9.893],[-1.972,7.675],[-1.972,1.718],[-2.495,1.386],[-7.064,3.377],[-7.064,-7.754],[-0.584,-7.754],[-0.14,-1.568],[2.151,14.253],[-5.986,28.58],[-5.678,29.14],[0.712,29.14],[4.615,22.429],[9.107,30.64],[14.371,35.895],[15.411,35.487],[20.342,22.579]],"c":true}},"nm":"路径 1","mn":"ADBE Vector Shape - Group"},{"ty":"gr","it":[{"ind":0,"ty":"sh","ks":{"a":0,"k":{"i":[[0,0],[0,0],[0,0],[0,0]],"o":[[0,0],[0,0],[0,0],[0,0]],"v":[[-471.534,169.668],[573.466,169.668],[573.466,-540.332],[-471.534,-540.332]],"c":true}},"nm":"路径 1","mn":"ADBE Vector Shape - Group"},{"ind":1,"ty":"sh","ks":{"a":0,"k":{"i":[[0,0],[0,0],[0,0],[0,0]],"o":[[0,0],[0,0],[0,0],[0,0]],"v":[[-471.534,-540.332],[573.466,-540.332],[573.466,169.668],[-471.534,169.668]],"c":true}},"nm":"路径 2","mn":"ADBE Vector Shape - Group"},{"ty":"tr","p":{"a":0,"k":[0,0],"ix":2},"a":{"a":0,"k":[0,0],"ix":1},"s":{"a":0,"k":[100,100],"ix":3},"r":{"a":0,"k":0,"ix":6},"o":{"a":0,"k":100,"ix":7},"sk":{"a":0,"k":0,"ix":4},"sa":{"a":0,"k":0,"ix":5},"nm":"变换"}],"nm":"组 1","np":2,"mn":"ADBE Vector Group"},{"ty":"mm","mm":4,"nm":"合并路径 1","mn":"ADBE Vector Filter - Merge"},{"ty":"fl","c":{"a":0,"k":[1,1,1,1]},"o":{"a":0,"k":100},"r":1,"nm":"填充 1","mn":"ADBE Vector Graphic - Fill"},{"ty":"tr","p":{"a":0,"k":[471.534,540.332],"ix":2},"a":{"a":0,"k":[0,0],"ix":1},"s":{"a":0,"k":[100,100],"ix":3},"r":{"a":0,"k":0,"ix":6},"o":{"a":0,"k":100,"ix":7},"sk":{"a":0,"k":0,"ix":4},"sa":{"a":0,"k":0,"ix":5},"nm":"变换"}],"nm":"组 24","np":4,"mn":"ADBE Vector Group"},{"ty":"gr","it":[{"ind":0,"ty":"sh","ks":{"a":0,"k":{"i":[[0,0],[0,0],[0,0],[0,0]],"o":[[0,0],[0,0],[0,0],[0,0]],"v":[[10.938,-2.984],[-10.938,-2.984],[-10.938,2.984],[10.938,2.984]],"c":true}},"nm":"路径 1","mn":"ADBE Vector Shape - Group"},{"ty":"gr","it":[{"ind":0,"ty":"sh","ks":{"a":0,"k":{"i":[[0,0],[0,0],[0,0],[0,0]],"o":[[0,0],[0,0],[0,0],[0,0]],"v":[[-498.877,152.775],[546.123,152.775],[546.123,-557.225],[-498.877,-557.225]],"c":true}},"nm":"路径 1","mn":"ADBE Vector Shape - Group"},{"ind":1,"ty":"sh","ks":{"a":0,"k":{"i":[[0,0],[0,0],[0,0],[0,0]],"o":[[0,0],[0,0],[0,0],[0,0]],"v":[[-498.877,-557.225],[546.123,-557.225],[546.123,152.775],[-498.877,152.775]],"c":true}},"nm":"路径 2","mn":"ADBE Vector Shape - Group"},{"ty":"tr","p":{"a":0,"k":[0,0],"ix":2},"a":{"a":0,"k":[0,0],"ix":1},"s":{"a":0,"k":[100,100],"ix":3},"r":{"a":0,"k":0,"ix":6},"o":{"a":0,"k":100,"ix":7},"sk":{"a":0,"k":0,"ix":4},"sa":{"a":0,"k":0,"ix":5},"nm":"变换"}],"nm":"组 1","np":2,"mn":"ADBE Vector Group"},{"ty":"mm","mm":4,"nm":"合并路径 1","mn":"ADBE Vector Filter - Merge"},{"ty":"fl","c":{"a":0,"k":[1,1,1,1]},"o":{"a":0,"k":100},"r":1,"nm":"填充 1","mn":"ADBE Vector Graphic - Fill"},{"ty":"tr","p":{"a":0,"k":[498.877,557.225],"ix":2},"a":{"a":0,"k":[0,0],"ix":1},"s":{"a":0,"k":[100,100],"ix":3},"r":{"a":0,"k":0,"ix":6},"o":{"a":0,"k":100,"ix":7},"sk":{"a":0,"k":0,"ix":4},"sa":{"a":0,"k":0,"ix":5},"nm":"变换"}],"nm":"组 25","np":4,"mn":"ADBE Vector Group"},{"ty":"gr","it":[{"ind":0,"ty":"sh","ks":{"a":0,"k":{"i":[[0,0],[0,0],[0,0],[0,0],[0,0],[0,0],[0,0],[0,0],[-0.056,0.084],[0.29,0],[0,0],[0,0],[0,0],[0,0],[0,0],[0,0],[0,0],[-0.095,-0.264],[0,0],[0,0],[0,0]],"o":[[0,0],[0,0],[0,0],[0,0],[0,0],[0,0],[0,0],[1.575,-2.388],[0.169,-0.254],[0,0],[0,0],[0,0],[0,0],[0,0],[0,0],[0,0],[-0.258,0],[0.073,0.201],[0,0],[0,0],[0,0]],"v":[[14.417,1.184],[-8.449,1.184],[-8.449,-24.552],[7.01,-24.552],[7.01,-3.441],[12.979,-3.441],[12.981,-30.522],[0.561,-30.522],[3.671,-35.234],[3.372,-35.809],[-3.101,-35.809],[-6.589,-30.522],[-14.417,-30.522],[-14.417,7.154],[8.42,7.154],[8.42,29.839],[-0.238,29.839],[-0.572,30.354],[1.398,35.808],[14.388,35.808],[14.388,7.154]],"c":true}},"nm":"路径 1","mn":"ADBE Vector Shape - Group"},{"ty":"gr","it":[{"ind":0,"ty":"sh","ks":{"a":0,"k":{"i":[[0,0],[0,0],[0,0],[0,0]],"o":[[0,0],[0,0],[0,0],[0,0]],"v":[[-503.841,170.176],[541.159,170.176],[541.159,-539.824],[-503.841,-539.824]],"c":true}},"nm":"路径 1","mn":"ADBE Vector Shape - Group"},{"ind":1,"ty":"sh","ks":{"a":0,"k":{"i":[[0,0],[0,0],[0,0],[0,0]],"o":[[0,0],[0,0],[0,0],[0,0]],"v":[[-503.841,-539.824],[541.159,-539.824],[541.159,170.176],[-503.841,170.176]],"c":true}},"nm":"路径 2","mn":"ADBE Vector Shape - Group"},{"ty":"tr","p":{"a":0,"k":[0,0],"ix":2},"a":{"a":0,"k":[0,0],"ix":1},"s":{"a":0,"k":[100,100],"ix":3},"r":{"a":0,"k":0,"ix":6},"o":{"a":0,"k":100,"ix":7},"sk":{"a":0,"k":0,"ix":4},"sa":{"a":0,"k":0,"ix":5},"nm":"变换"}],"nm":"组 1","np":2,"mn":"ADBE Vector Group"},{"ty":"mm","mm":4,"nm":"合并路径 1","mn":"ADBE Vector Filter - Merge"},{"ty":"fl","c":{"a":0,"k":[1,1,1,1]},"o":{"a":0,"k":100},"r":1,"nm":"填充 1","mn":"ADBE Vector Graphic - Fill"},{"ty":"tr","p":{"a":0,"k":[503.841,539.824],"ix":2},"a":{"a":0,"k":[0,0],"ix":1},"s":{"a":0,"k":[100,100],"ix":3},"r":{"a":0,"k":0,"ix":6},"o":{"a":0,"k":100,"ix":7},"sk":{"a":0,"k":0,"ix":4},"sa":{"a":0,"k":0,"ix":5},"nm":"变换"}],"nm":"组 26","np":4,"mn":"ADBE Vector Group"}],"ip":23,"op":50,"st":-41,"bm":0,"sr":1},{"ddd":0,"ind":6,"ty":4,"nm":"“实色/01”轮廓","ks":{"o":{"a":1,"k":[{"i":{"x":[0.833],"y":[0.833]},"o":{"x":[0.167],"y":[0.167]},"n":["0p833_0p833_0p167_0p167"],"t":13,"s":[0],"e":[100]},{"t":20}]},"r":{"a":0,"k":0},"p":{"a":0,"k":[202.588,208.167,0]},"a":{"a":0,"k":[813.616,115.674,0]},"s":{"a":0,"k":[85.586,85.586,100]}},"ao":0,"shapes":[{"ty":"gr","it":[{"ind":0,"ty":"sh","ks":{"a":0,"k":{"i":[[-5.217,-3.883],[0,0],[-0.023,-0.017],[0,0],[-2.834,2.107],[0,0],[0,0],[0,0],[0.78,-6.456],[0,0],[5.238,-3.855],[0.026,-0.02],[0,0],[2.823,2.074],[0,0],[0.782,6.456],[0,0]],"o":[[0,0],[0.023,0.017],[0,0],[2.833,2.107],[0,0],[0,0],[0,0],[5.217,-3.883],[0,0],[-0.78,6.456],[0,0],[0,0],[-2.819,2.081],[0,0],[-5.237,-3.855],[0,0],[-0.781,-6.456]],"v":[[-101.707,-79.508],[-47.184,-38.922],[-47.114,-38.878],[-4.773,-7.385],[4.774,-7.385],[46.955,-38.758],[46.986,-38.775],[101.707,-79.508],[109.773,-74.829],[100.731,-0.083],[89.789,18.664],[78.935,26.664],[4.899,81.306],[-4.588,81.316],[-89.789,18.664],[-100.732,-0.083],[-109.772,-74.829]],"c":true}},"nm":"路径 1","mn":"ADBE Vector Shape - Group"},{"ty":"fl","c":{"a":0,"k":[0.992,0.831,0.478,1]},"o":{"a":0,"k":100},"r":1,"nm":"填充 1","mn":"ADBE Vector Graphic - Fill"},{"ty":"tr","p":{"a":0,"k":[814.097,115.941],"ix":2},"a":{"a":0,"k":[0,0],"ix":1},"s":{"a":0,"k":[141,141],"ix":3},"r":{"a":0,"k":0,"ix":6},"o":{"a":0,"k":100,"ix":7},"sk":{"a":0,"k":0,"ix":4},"sa":{"a":0,"k":0,"ix":5},"nm":"变换"}],"nm":"组 4","np":2,"mn":"ADBE Vector Group"}],"ip":13,"op":20,"st":-38,"bm":0,"sr":1},{"ddd":0,"ind":7,"ty":4,"nm":"“线/01”轮廓","ks":{"o":{"a":1,"k":[{"i":{"x":[0.833],"y":[0.833]},"o":{"x":[0.167],"y":[0.167]},"n":["0p833_0p833_0p167_0p167"],"t":4,"s":[0],"e":[100]},{"t":12}]},"r":{"a":0,"k":-90},"p":{"a":0,"k":[203.446,209.804,0]},"a":{"a":0,"k":[1164.811,110.5,0]},"s":{"a":0,"k":[120,120,100]}},"ao":0,"shapes":[{"ty":"gr","it":[{"ind":0,"ty":"sh","ks":{"a":0,"k":{"i":[[5.134,0],[0,0],[3.855,-5.237],[0,0],[-2.081,-2.819],[0,0],[-6.456,-0.78],[-0.515,0],[3.529,4.741],[0,0],[-2.107,2.833],[0,0]],"o":[[-0.515,0],[-6.456,0.782],[0,0],[-2.075,2.823],[0,0],[3.855,5.238],[0,0],[5.134,0],[0,0],[-2.107,-2.834],[0,0],[3.529,-4.741]],"v":[[76.664,-109.878],[0.26,-100.732],[-18.486,-89.789],[-81.138,-4.588],[-81.13,4.899],[-18.486,89.789],[0.26,100.731],[76.662,109.878],[79.685,101.708],[7.562,4.774],[7.562,-4.773],[79.685,-101.707]],"c":true}},"nm":"路径 1","mn":"ADBE Vector Shape - Group"},{"ty":"st","c":{"a":0,"k":[0.992,0.831,0.478,1]},"o":{"a":0,"k":100},"w":{"a":0,"k":2},"lc":2,"lj":1,"ml":4,"nm":"描边 1","mn":"ADBE Vector Graphic - Stroke"},{"ty":"tm","s":{"a":1,"k":[{"i":{"x":[0.375],"y":[1]},"o":{"x":[0.333],"y":[0]},"n":["0p375_1_0p333_0"],"t":4,"s":[0],"e":[100]},{"t":20}],"ix":1},"e":{"a":0,"k":0,"ix":2},"o":{"a":0,"k":-71,"ix":3},"m":1,"ix":3,"nm":"修剪路径 1","mn":"ADBE Vector Filter - Trim"},{"ty":"tr","p":{"a":0,"k":[1166.01,110.128],"ix":2},"a":{"a":0,"k":[0,0],"ix":1},"s":{"a":0,"k":[100,100],"ix":3},"r":{"a":0,"k":0,"ix":6},"o":{"a":0,"k":100,"ix":7},"sk":{"a":0,"k":0,"ix":4},"sa":{"a":0,"k":0,"ix":5},"nm":"变换"}],"nm":"组 3","np":3,"mn":"ADBE Vector Group"},{"ty":"tm","s":{"a":0,"k":100,"ix":1},"e":{"a":0,"k":0,"ix":2},"o":{"a":0,"k":0,"ix":3},"m":1,"ix":2,"nm":"修剪路径 1","mn":"ADBE Vector Filter - Trim"}],"ip":4,"op":20,"st":-2,"bm":0,"sr":1}]}